t;T_B;V_B
0;21.5872;1.02162
1;23.0903;1.04309
2;24.5156;1.0644
3;25.8686;1.08556
4;27.1546;1.10658
5;28.3781;1.12744
6;29.5433;1.14816
7;30.6541;1.16874
8;31.7141;1.18918
9;32.7265;1.20947
10;33.6943;1.22962
11;34.6201;1.24964
12;35.5065;1.26952
13;36.3558;1.28926
14;37.1702;1.30887
15;37.9516;1.32835
16;38.7019;1.3477
17;39.4227;1.36691
18;40.1158;1.386
19;40.7824;1.40496
20;41.4241;1.42379
21;42.0421;1.44249
22;42.6376;1.46107
23;43.2116;1.47953
24;43.7653;1.49786
25;44.2997;1.51608
26;44.8156;1.53417
27;45.3139;1.55214
28;45.7954;1.56999
29;46.2609;1.58772
30;46.7111;1.60534
31;47.1466;1.62284
32;47.5682;1.64022
33;47.9764;1.65749
34;48.3717;1.67464
35;48.7548;1.69168
36;49.1261;1.70861
37;49.486;1.72543
38;49.8352;1.74214
39;50.1739;1.75873
40;50.5026;1.77522
41;50.8216;1.7916
42;51.1314;1.80787
43;51.4323;1.82403
44;51.7247;1.84008
45;52.0087;1.85603
46;52.2848;1.87188
47;52.5533;1.88762
48;52.8143;1.90325
49;53.0682;1.91878
50;53.3152;1.93421
51;53.5556;1.94954
52;53.7895;1.96476
53;54.0172;1.97988
54;54.239;1.9949
55;54.4549;2.00983
56;54.6652;2.02465
57;54.87;2.03937
58;55.0696;2.054
59;55.2642;2.06853
60;55.4537;2.08296
61;55.6385;2.09729
62;55.8187;2.11153
63;55.9943;2.12567
64;56.1656;2.13971
65;56.3327;2.15366
66;56.4957;2.16752
67;56.6547;2.18128
68;56.8098;2.19495
69;56.9611;2.20852
70;57.1088;2.22201
71;57.253;2.2354
72;57.3937;2.2487
73;57.531;2.26191
74;57.6651;2.27502
75;57.796;2.28805
76;57.9238;2.30099
77;58.0486;2.31384
78;58.1704;2.32659
79;58.2894;2.33926
80;58.4057;2.35184
81;58.5192;2.36434
82;58.6301;2.37674
83;58.7384;2.38906
84;58.8442;2.4013
85;58.9475;2.41344
86;59.0485;2.4255
87;59.1471;2.43748
88;59.2435;2.44937
89;59.3376;2.46117
90;59.4296;2.47289
91;59.5194;2.48453
92;59.6072;2.49608
93;59.693;2.50755
94;59.7768;2.51893
95;59.8587;2.53024
96;59.9387;2.54146
97;60.0168;2.5526
98;60.0931;2.56365
99;60.1677;2.57463
100;60.2406;2.58552
101;60.3118;2.59634
102;60.3813;2.60707
103;60.4492;2.61772
104;60.5155;2.6283
105;60.5803;2.63879
106;60.6436;2.6492
107;60.7054;2.65954
108;60.7657;2.6698
109;60.8246;2.67998
110;60.8821;2.69008
111;60.9382;2.7001
112;60.993;2.71005
113;61.0465;2.71992
114;61.0987;2.72971
115;61.1496;2.73943
116;61.1993;2.74907
117;61.2478;2.75863
118;61.295;2.76812
119;61.3411;2.77753
120;61.3861;2.78687
121;61.4299;2.79613
122;61.4726;2.80532
123;61.5142;2.81444
124;61.5548;2.82348
125;61.5943;2.83244
126;61.6327;2.84134
127;61.6702;2.85016
128;61.7066;2.8589
129;61.7421;2.86758
130;61.7766;2.87618
131;61.8102;2.88471
132;61.8428;2.89317
133;61.8745;2.90155
134;61.9054;2.90987
135;61.9353;2.91811
136;61.9644;2.92628
137;61.9926;2.93439
138;62.0199;2.94242
139;62.0465;2.95038
140;62.0722;2.95827
141;62.0971;2.96609
142;62.1212;2.97384
143;62.1445;2.98152
144;62.1671;2.98914
145;62.1889;2.99668
146;62.21;3.00416
147;62.2303;3.01157
148;62.2499;3.0189
149;62.2688;3.02618
150;62.287;3.03338
151;62.3045;3.04052
152;62.3213;3.04758
153;62.3374;3.05459
154;62.3529;3.06152
155;62.3677;3.06839
156;62.3819;3.07519
157;62.3954;3.08193
158;62.4083;3.0886
159;62.4206;3.0952
160;62.4323;3.10174
161;62.4433;3.10821
162;62.4538;3.11462
163;62.4637;3.12096
164;62.4729;3.12724
165;62.4817;3.13345
166;62.4898;3.1396
167;62.4974;3.14568
168;62.5044;3.15171
169;62.5109;3.15766
170;62.5168;3.16356
171;62.5222;3.16939
172;62.5271;3.17515
173;62.5315;3.18086
174;62.5353;3.1865
175;62.5386;3.19207
176;62.5415;3.19759
177;62.5438;3.20304
178;62.5456;3.20844
179;62.5469;3.21377
180;62.5478;3.21903
181;62.5482;3.22424
182;62.5481;3.22938
183;62.5475;3.23447
184;62.5465;3.23949
185;62.545;3.24445
186;62.543;3.24935
187;62.5406;3.2542
188;62.5378;3.25898
189;62.5345;3.2637
190;62.5308;3.26836
191;62.5266;3.27296
192;62.522;3.2775
193;62.517;3.28198
194;62.5116;3.28641
195;62.5057;3.29077
196;62.4995;3.29508
197;62.4928;3.29932
198;62.4857;3.30351
199;62.4782;3.30764
200;62.4703;3.31171
201;62.462;3.31572
202;62.4534;3.31968
203;62.4443;3.32358
204;62.4348;3.32742
205;62.425;3.3312
206;62.4148;3.33493
207;62.4042;3.33859
208;62.3932;3.34221
209;62.3818;3.34576
210;62.3701;3.34926
211;62.358;3.3527
212;62.3456;3.35609
213;62.3328;3.35942
214;62.3196;3.36269
215;62.3061;3.36591
216;62.2922;3.36907
217;62.2779;3.37218
218;62.2633;3.37523
219;62.2484;3.37823
220;62.2331;3.38117
221;62.2175;3.38406
222;62.2015;3.38689
223;62.1852;3.38967
224;62.1685;3.39239
225;62.1516;3.39506
226;62.1342;3.39767
227;62.1166;3.40023
228;62.0986;3.40274
229;62.0803;3.40519
230;62.0616;3.40759
231;62.0427;3.40994
232;62.0234;3.41223
233;62.0038;3.41447
234;61.9838;3.41666
235;61.9636;3.4188
236;61.943;3.42088
237;61.9221;3.42291
238;61.9009;3.42489
239;61.8794;3.42681
240;61.8576;3.42868
241;61.8354;3.43051
242;61.813;3.43227
243;61.7902;3.43399
244;61.7672;3.43566
245;61.7438;3.43727
246;61.7201;3.43884
247;61.6961;3.44035
248;61.6718;3.44181
249;61.6472;3.44322
250;61.6223;3.44458
251;61.5972;3.44589
252;61.5717;3.44715
253;61.5459;3.44836
254;61.5198;3.44952
255;61.4934;3.45063
256;61.4667;3.45169
257;61.4397;3.4527
258;61.4125;3.45366
259;61.3849;3.45457
260;61.357;3.45543
261;61.3289;3.45624
262;61.3004;3.457
263;61.2717;3.45772
264;61.2427;3.45838
265;61.2134;3.459
266;61.1838;3.45957
267;61.1539;3.46009
268;61.1237;3.46056
269;61.0932;3.46098
270;61.0624;3.46136
271;61.0314;3.46169
272;61;3.46197
273;60.9684;3.4622
274;60.9365;3.46238
275;60.9043;3.46252
276;60.8718;3.46261
277;60.839;3.46265
278;60.806;3.46265
279;60.7726;3.4626
280;60.739;3.4625
281;60.7051;3.46235
282;60.6709;3.46216
283;60.6364;3.46193
284;60.6016;3.46164
285;60.5666;3.46131
286;60.5313;3.46094
287;60.4956;3.46052
288;60.4597;3.46005
289;60.4235;3.45954
290;60.387;3.45898
291;60.3503;3.45838
292;60.3132;3.45773
293;60.2759;3.45703
294;60.2383;3.45629
295;60.2004;3.45551
296;60.1622;3.45468
297;60.1237;3.45381
298;60.0849;3.45289
299;60.0459;3.45193
300;60.0065;3.45092
301;59.9669;3.44987
302;59.927;3.44878
303;59.8868;3.44764
304;59.8463;3.44645
305;59.8055;3.44523
306;59.7644;3.44396
307;59.7231;3.44264
308;59.6814;3.44129
309;59.6395;3.43989
310;59.5973;3.43844
311;59.5547;3.43696
312;59.5119;3.43543
313;59.4688;3.43386
314;59.4254;3.43224
315;59.3817;3.43059
316;59.3378;3.42889
317;59.2935;3.42714
318;59.2489;3.42536
319;59.204;3.42354
320;59.1589;3.42167
321;59.1134;3.41976
322;59.0677;3.41781
323;59.0216;3.41581
324;58.9752;3.41378
325;58.9286;3.4117
326;58.8816;3.40958
327;58.8344;3.40743
328;58.7868;3.40523
329;58.7389;3.40299
330;58.6908;3.4007
331;58.6423;3.39838
332;58.5935;3.39602
333;58.5444;3.39362
334;58.495;3.39117
335;58.4453;3.38869
336;58.3953;3.38616
337;58.345;3.3836
338;58.2943;3.38099
339;58.2434;3.37835
340;58.1921;3.37567
341;58.1405;3.37294
342;58.0886;3.37018
343;58.0364;3.36738
344;57.9839;3.36454
345;57.931;3.36165
346;57.8779;3.35873
347;57.8244;3.35578
348;57.7706;3.35278
349;57.7164;3.34974
350;57.6619;3.34667
351;57.6071;3.34355
352;57.552;3.3404
353;57.4966;3.33721
354;57.4408;3.33398
355;57.3847;3.33071
356;57.3282;3.32741
357;57.2714;3.32407
358;57.2143;3.32068
359;57.1569;3.31727
360;57.0991;3.31381
361;57.0409;3.31032
362;56.9824;3.30679
363;56.9236;3.30322
364;56.8644;3.29961
365;56.8049;3.29597
366;56.745;3.29229
367;56.6848;3.28857
368;56.6242;3.28482
369;56.5633;3.28103
370;56.502;3.27721
371;56.4404;3.27334
372;56.3784;3.26944
373;56.316;3.26551
374;56.2533;3.26154
375;56.1902;3.25753
376;56.1268;3.25349
377;56.0629;3.24941
378;55.9987;3.24529
379;55.9342;3.24114
380;55.8692;3.23696
381;55.8039;3.23274
382;55.7382;3.22848
383;55.6721;3.22419
384;55.6057;3.21986
385;55.5388;3.2155
386;55.4716;3.2111
387;55.404;3.20667
388;55.336;3.2022
389;55.2676;3.1977
390;55.1988;3.19317
391;55.1296;3.1886
392;55.06;3.184
393;54.99;3.17936
394;54.9195;3.17468
395;54.8487;3.16998
396;54.7775;3.16524
397;54.7059;3.16046
398;54.6338;3.15566
399;54.5613;3.15082
400;54.4884;3.14594
401;54.4151;3.14103
402;54.3414;3.13609
403;54.2672;3.13112
404;54.1926;3.12611
405;54.1176;3.12107
406;54.0421;3.116
407;53.9662;3.11089
408;53.8898;3.10575
409;53.813;3.10058
410;53.7358;3.09537
411;53.6581;3.09014
412;53.58;3.08487
413;53.5013;3.07957
414;53.4223;3.07423
415;53.3427;3.06887
416;53.2627;3.06347
417;53.1823;3.05804
418;53.1013;3.05258
419;53.0199;3.04709
420;52.938;3.04156
421;52.8556;3.03601
422;52.7727;3.03042
423;52.6894;3.0248
424;52.6055;3.01915
425;52.5212;3.01347
426;52.4363;3.00776
427;52.351;3.00202
428;52.2651;2.99624
429;52.1787;2.99044
430;52.0918;2.98461
431;52.0044;2.97874
432;51.9164;2.97284
433;51.828;2.96692
434;51.7389;2.96096
435;51.6494;2.95497
436;51.5593;2.94895
437;51.4687;2.94291
438;51.3775;2.93683
439;51.2857;2.93072
440;51.1934;2.92458
441;51.1005;2.91841
442;51.0071;2.91221
443;50.913;2.90599
444;50.8184;2.89973
445;50.7232;2.89344
446;50.6274;2.88712
447;50.531;2.88078
448;50.434;2.8744
449;50.3364;2.86799
450;50.2382;2.86155
451;50.1393;2.85509
452;50.0398;2.84859
453;49.9396;2.84206
454;49.8388;2.8355
455;49.7372;2.82891
456;49.635;2.82228
457;49.532;2.81563
458;49.4282;2.80893
459;49.3232;2.80217
460;49.2183;2.79543
461;49.1135;2.78871
462;49.0089;2.78201
463;48.9044;2.77533
464;48.8;2.76867
465;48.6957;2.76203
466;48.5916;2.75541
467;48.4875;2.74881
468;48.3837;2.74223
469;48.2799;2.73567
470;48.1763;2.72913
471;48.0728;2.72261
472;47.9694;2.71611
473;47.8662;2.70963
474;47.7631;2.70317
475;47.6602;2.69673
476;47.5574;2.69031
477;47.4547;2.68391
478;47.3521;2.67752
479;47.2497;2.67116
480;47.1475;2.66482
481;47.0454;2.65849
482;46.9434;2.65219
483;46.8416;2.6459
484;46.7399;2.63964
485;46.6383;2.63339
486;46.5369;2.62716
487;46.4357;2.62095
488;46.3346;2.61476
489;46.2336;2.60859
490;46.1328;2.60244
491;46.0322;2.59631
492;45.9317;2.5902
493;45.8313;2.5841
494;45.7311;2.57803
495;45.6311;2.57197
496;45.5312;2.56594
497;45.4315;2.55992
498;45.3319;2.55392
499;45.2325;2.54794
500;45.1332;2.54197
501;45.0341;2.53603
502;44.9352;2.53011
503;44.8364;2.5242
504;44.7377;2.51831
505;44.6393;2.51244
506;44.541;2.50659
507;44.4428;2.50076
508;44.3449;2.49495
509;44.2471;2.48915
510;44.1494;2.48337
511;44.052;2.47761
512;43.9547;2.47187
513;43.8575;2.46615
514;43.7606;2.46045
515;43.6638;2.45476
516;43.5672;2.44909
517;43.4707;2.44344
518;43.3744;2.43781
519;43.2783;2.4322
520;43.1824;2.4266
521;43.0866;2.42103
522;42.9911;2.41547
523;42.8957;2.40993
524;42.8004;2.4044
525;42.7054;2.3989
526;42.6105;2.39341
527;42.5158;2.38794
528;42.4213;2.38248
529;42.327;2.37705
530;42.2329;2.37163
531;42.1389;2.36623
532;42.0451;2.36085
533;41.9515;2.35548
534;41.8581;2.35014
535;41.7649;2.34481
536;41.6719;2.33949
537;41.579;2.3342
538;41.4864;2.32892
539;41.3939;2.32366
540;41.3016;2.31841
541;41.2095;2.31319
542;41.1176;2.30798
543;41.0259;2.30279
544;40.9344;2.29761
545;40.8431;2.29245
546;40.752;2.28731
547;40.6611;2.28219
548;40.5703;2.27708
549;40.4798;2.27199
550;40.3894;2.26692
551;40.2993;2.26186
552;40.2093;2.25682
553;40.1196;2.2518
554;40.0301;2.2468
555;39.9407;2.24181
556;39.8516;2.23683
557;39.7626;2.23188
558;39.6739;2.22694
559;39.5853;2.22201
560;39.497;2.21711
561;39.4089;2.21222
562;39.3209;2.20735
563;39.2332;2.20249
564;39.1457;2.19765
565;39.0584;2.19282
566;38.9713;2.18801
567;38.8844;2.18322
568;38.7977;2.17845
569;38.7112;2.17369
570;38.6249;2.16894
571;38.5389;2.16422
572;38.453;2.15951
573;38.3674;2.15481
574;38.282;2.15013
575;38.1968;2.14547
576;38.1118;2.14082
577;38.027;2.13619
578;37.9424;2.13157
579;37.8581;2.12697
580;37.7739;2.12239
581;37.69;2.11782
582;37.6063;2.11327
583;37.5228;2.10873
584;37.4395;2.10421
585;37.3565;2.0997
586;37.2736;2.09521
587;37.191;2.09074
588;37.1086;2.08628
589;37.0264;2.08183
590;36.9445;2.07741
591;36.8627;2.07299
592;36.7812;2.0686
593;36.6999;2.06421
594;36.6188;2.05985
595;36.538;2.05549
596;36.4573;2.05116
597;36.3769;2.04683
598;36.2968;2.04253
599;36.2168;2.03824
600;36.1371;2.03396
601;36.0576;2.0297
602;35.9783;2.02545
603;35.8992;2.02122
604;35.8204;2.017
605;35.7418;2.0128
606;35.6634;2.00861
607;35.5853;2.00444
608;35.5074;2.00028
609;35.4297;1.99614
610;35.3522;1.99201
611;35.275;1.9879
612;35.198;1.9838
613;35.1212;1.97971
614;35.0447;1.97564
615;34.9684;1.97159
616;34.8923;1.96755
617;34.8165;1.96352
618;34.7409;1.95951
619;34.6655;1.95551
620;34.5903;1.95152
621;34.5154;1.94755
622;34.4407;1.9436
623;34.3663;1.93966
624;34.2921;1.93573
625;34.2181;1.93182
626;34.1443;1.92792
627;34.0708;1.92403
628;33.9975;1.92016
629;33.9245;1.91631
630;33.8517;1.91246
631;33.7791;1.90863
632;33.7068;1.90482
633;33.6347;1.90102
634;33.5628;1.89723
635;33.4912;1.89345
636;33.4198;1.88969
637;33.3486;1.88595
638;33.2777;1.88222
639;33.207;1.8785
640;33.1366;1.87479
641;33.0664;1.8711
642;32.9964;1.86742
643;32.9267;1.86375
644;32.8572;1.8601
645;32.7879;1.85646
646;32.7189;1.85284
647;32.6501;1.84923
648;32.5816;1.84563
649;32.5133;1.84204
650;32.4452;1.83847
651;32.3774;1.83491
652;32.3098;1.83136
653;32.2425;1.82783
654;32.1754;1.82431
655;32.1085;1.82081
656;32.0419;1.81731
657;31.9755;1.81383
658;31.9093;1.81036
659;31.8434;1.80691
660;31.7777;1.80347
661;31.7123;1.80004
662;31.6471;1.79662
663;31.5822;1.79322
664;31.5175;1.78983
665;31.453;1.78645
666;31.3888;1.78308
667;31.3248;1.77973
668;31.261;1.77639
669;31.1975;1.77306
670;31.1342;1.76974
671;31.0712;1.76644
672;31.0084;1.76315
673;30.9458;1.75987
674;30.8835;1.75661
675;30.8215;1.75335
676;30.7596;1.75011
677;30.698;1.74688
678;30.6367;1.74366
679;30.5756;1.74046
680;30.5147;1.73727
681;30.4541;1.73409
682;30.3937;1.73092
683;30.3335;1.72776
684;30.2736;1.72462
685;30.2139;1.72148
686;30.1545;1.71836
687;30.0953;1.71526
688;30.0363;1.71216
689;29.9776;1.70907
690;29.9191;1.706
691;29.8609;1.70294
692;29.8028;1.69989
693;29.7451;1.69685
694;29.6875;1.69383
695;29.6302;1.69081
696;29.5732;1.68781
697;29.5164;1.68482
698;29.4598;1.68184
699;29.4034;1.67887
700;29.3473;1.67591
701;29.2915;1.67296
702;29.2358;1.67003
703;29.1804;1.66711
704;29.1253;1.6642
705;29.0703;1.6613
706;29.0156;1.65841
707;28.9612;1.65553
708;28.907;1.65266
709;28.853;1.64981
710;28.7992;1.64696
711;28.7457;1.64413
712;28.6924;1.64131
713;28.6394;1.63849
714;28.5865;1.63569
715;28.534;1.6329
716;28.4816;1.63013
717;28.4295;1.62736
718;28.3776;1.6246
719;28.3259;1.62186
720;28.2745;1.61912
721;28.2233;1.6164
722;28.1724;1.61368
723;28.1216;1.61098
724;28.0711;1.60829
725;28.0209;1.60561
726;27.9708;1.60293
727;27.921;1.60027
728;27.8714;1.59762
729;27.8221;1.59498
730;27.773;1.59235
731;27.7241;1.58974
732;27.6754;1.58713
733;27.627;1.58453
734;27.5788;1.58194
735;27.5308;1.57936
736;27.483;1.5768
737;27.4355;1.57424
738;27.3882;1.57169
739;27.3411;1.56916
740;27.2942;1.56663
741;27.2476;1.56411
742;27.2012;1.56161
743;27.155;1.55911
744;27.109;1.55662
745;27.0633;1.55415
746;27.0178;1.55168
747;26.9725;1.54922
748;26.9274;1.54678
749;26.8825;1.54434
750;26.8379;1.54191
751;26.7935;1.5395
752;26.7493;1.53709
753;26.7053;1.53469
754;26.6615;1.5323
755;26.618;1.52992
756;26.5747;1.52755
757;26.5316;1.52519
758;26.4887;1.52284
759;26.446;1.5205
760;26.4035;1.51817
761;26.3613;1.51585
762;26.3193;1.51354
763;26.2775;1.51124
764;26.2359;1.50894
765;26.1945;1.50666
766;26.1533;1.50439
767;26.1123;1.50212
768;26.0716;1.49986
769;26.031;1.49762
770;25.9907;1.49538
771;25.9506;1.49315
772;25.9107;1.49093
773;25.871;1.48872
774;25.8315;1.48652
775;25.7922;1.48433
776;25.7531;1.48214
777;25.7142;1.47997
778;25.6756;1.47781
779;25.6371;1.47565
780;25.5988;1.4735
781;25.5608;1.47136
782;25.5229;1.46923
783;25.4853;1.46711
784;25.4479;1.465
785;25.4106;1.46289
786;25.3736;1.4608
787;25.3367;1.45871
788;25.3001;1.45664
789;25.2637;1.45457
790;25.2274;1.45251
791;25.1914;1.45045
792;25.1555;1.44841
793;25.1199;1.44638
794;25.0845;1.44435
795;25.0492;1.44233
796;25.0141;1.44032
797;24.9793;1.43832
798;24.9446;1.43633
799;24.9101;1.43434
800;24.8759;1.43237
801;24.8418;1.4304
802;24.8079;1.42844
803;24.7742;1.42649
804;24.7407;1.42454
805;24.7073;1.42261
806;24.6742;1.42068
807;24.6413;1.41876
808;24.6085;1.41685
809;24.5759;1.41495
810;24.5435;1.41305
811;24.5114;1.41116
812;24.4793;1.40929
813;24.4475;1.40741
814;24.4159;1.40555
815;24.3844;1.40369
816;24.3531;1.40185
817;24.322;1.40001
818;24.2911;1.39817
819;24.2604;1.39635
820;24.2298;1.39453
821;24.1995;1.39272
822;24.1693;1.39092
823;24.1393;1.38913
824;24.1094;1.38734
825;24.0798;1.38556
826;24.0503;1.38379
827;24.021;1.38203
828;23.9919;1.38027
829;23.9629;1.37853
830;23.9341;1.37678
831;23.9055;1.37505
832;23.8771;1.37333
833;23.8488;1.37161
834;23.8207;1.36989
835;23.7928;1.36819
836;23.765;1.36649
837;23.7374;1.3648
838;23.71;1.36312
839;23.6828;1.36145
840;23.6557;1.35978
841;23.6288;1.35812
842;23.602;1.35646
843;23.5754;1.35482
844;23.549;1.35318
845;23.5227;1.35154
846;23.4967;1.34992
847;23.4707;1.3483
848;23.4449;1.34669
849;23.4193;1.34508
850;23.3939;1.34349
851;23.3686;1.3419
852;23.3435;1.34031
853;23.3185;1.33873
854;23.2937;1.33716
855;23.269;1.3356
856;23.2445;1.33404
857;23.2202;1.33249
858;23.196;1.33095
859;23.1719;1.32941
860;23.148;1.32788
861;23.1243;1.32636
862;23.1007;1.32484
863;23.0773;1.32333
864;23.054;1.32183
865;23.0309;1.32033
866;23.0079;1.31884
867;22.9851;1.31736
868;22.9624;1.31588
869;22.9398;1.31441
870;22.9174;1.31294
871;22.8952;1.31149
872;22.8731;1.31003
873;22.8511;1.30859
874;22.8293;1.30715
875;22.8077;1.30572
876;22.7861;1.30429
877;22.7647;1.30287
878;22.7435;1.30145
879;22.7224;1.30005
880;22.7014;1.29864
881;22.6806;1.29725
882;22.6599;1.29586
883;22.6394;1.29447
884;22.619;1.2931
885;22.5987;1.29173
886;22.5786;1.29036
887;22.5586;1.289
888;22.5387;1.28765
889;22.5189;1.2863
890;22.4993;1.28496
891;22.4799;1.28362
892;22.4605;1.28229
893;22.4413;1.28097
894;22.4222;1.27965
895;22.4033;1.27834
896;22.3845;1.27703
897;22.3658;1.27573
898;22.3472;1.27444
899;22.3288;1.27315
900;22.3105;1.27187
901;22.2923;1.27059
902;22.2742;1.26932
903;22.2563;1.26805
904;22.2385;1.26679
905;22.2208;1.26553
906;22.2032;1.26428
907;22.1858;1.26304
908;22.1685;1.2618
909;22.1513;1.26057
910;22.1342;1.25934
911;22.1172;1.25812
912;22.1004;1.2569
913;22.0836;1.25569
914;22.067;1.25449
915;22.0505;1.25328
916;22.0342;1.25209
917;22.0179;1.2509
918;22.0018;1.24972
919;21.9857;1.24854
920;21.9698;1.24736
921;21.954;1.24619
922;21.9383;1.24503
923;21.9227;1.24387
924;21.9073;1.24272
925;21.8919;1.24157
926;21.8766;1.24043
927;21.8615;1.23929
928;21.8465;1.23816
929;21.8315;1.23703
930;21.8167;1.23591
931;21.802;1.23479
932;21.7874;1.23368
933;21.7729;1.23257
934;21.7585;1.23147
935;21.7442;1.23038
936;21.73;1.22928
937;21.7159;1.2282
938;21.7019;1.22711
939;21.6881;1.22604
940;21.6743;1.22496
941;21.6606;1.2239
942;21.647;1.22283
943;21.6335;1.22177
944;21.6202;1.22072
945;21.6069;1.21967
946;21.5937;1.21863
947;21.5806;1.21759
948;21.5676;1.21655
949;21.5547;1.21552
950;21.5419;1.2145
951;21.5292;1.21348
952;21.5166;1.21246
953;21.5041;1.21145
954;21.4916;1.21045
955;21.4793;1.20944
956;21.4671;1.20845
957;21.4549;1.20745
958;21.4429;1.20647
959;21.4309;1.20548
960;21.419;1.2045
961;21.4072;1.20353
962;21.3955;1.20256
963;21.3839;1.20159
964;21.3724;1.20063
965;21.3609;1.19967
966;21.3496;1.19872
967;21.3383;1.19777
968;21.3271;1.19683
969;21.316;1.19589
970;21.305;1.19495
971;21.2941;1.19402
972;21.2833;1.19309
973;21.2725;1.19217
974;21.2618;1.19125
975;21.2512;1.19034
976;21.2407;1.18943
977;21.2302;1.18852
978;21.2199;1.18762
979;21.2096;1.18672
980;21.1994;1.18583
981;21.1893;1.18494
982;21.1792;1.18405
983;21.1693;1.18317
984;21.1594;1.18229
985;21.1496;1.18142
986;21.1398;1.18055
987;21.1302;1.17968
988;21.1206;1.17882
989;21.1111;1.17797
990;21.1016;1.17711
991;21.0923;1.17626
992;21.083;1.17542
993;21.0738;1.17458
994;21.0646;1.17374
995;21.0555;1.1729
996;21.0465;1.17207
997;21.0376;1.17125
998;21.0287;1.17042
999;21.0199;1.16961
1000;21.0112;1.16879
1001;21.0025;1.16798
1002;20.994;1.16717
1003;20.9854;1.16637
1004;20.977;1.16557
1005;20.9686;1.16477
1006;20.9603;1.16398
1007;20.952;1.16319
1008;20.9438;1.16241
1009;20.9357;1.16163
1010;20.9276;1.16085
1011;20.9196;1.16007
1012;20.9117;1.1593
1013;20.9038;1.15854
1014;20.896;1.15777
1015;20.8883;1.15701
1016;20.8806;1.15626
1017;20.873;1.1555
1018;20.8654;1.15475
1019;20.8579;1.15401
1020;20.8505;1.15327
1021;20.8431;1.15253
1022;20.8358;1.15179
1023;20.8285;1.15106
1024;20.8213;1.15033
1025;20.8142;1.1496
1026;20.8071;1.14888
1027;20.8001;1.14816
1028;20.7931;1.14745
1029;20.7862;1.14674
1030;20.7793;1.14603
1031;20.7725;1.14532
1032;20.7658;1.14462
1033;20.7591;1.14392
1034;20.7524;1.14323
1035;20.7458;1.14253
1036;20.7393;1.14185
1037;20.7328;1.14116
1038;20.7264;1.14048
1039;20.72;1.1398
1040;20.7137;1.13912
1041;20.7074;1.13845
1042;20.7012;1.13778
1043;20.6951;1.13711
1044;20.6889;1.13645
1045;20.6829;1.13579
1046;20.6769;1.13513
1047;20.6709;1.13448
1048;20.665;1.13383
1049;20.6591;1.13318
1050;20.6533;1.13253
1051;20.6475;1.13189
1052;20.6418;1.13125
1053;20.6361;1.13062
1054;20.6305;1.12998
1055;20.6249;1.12935
1056;20.6194;1.12873
1057;20.6139;1.1281
1058;20.6084;1.12748
1059;20.603;1.12686
1060;20.5977;1.12625
1061;20.5924;1.12563
1062;20.5871;1.12502
1063;20.5819;1.12442
1064;20.5767;1.12381
1065;20.5716;1.12321
1066;20.5665;1.12261
1067;20.5614;1.12202
1068;20.5564;1.12143
1069;20.5515;1.12084
1070;20.5465;1.12025
1071;20.5417;1.11967
1072;20.5368;1.11908
1073;20.532;1.11851
1074;20.5273;1.11793
1075;20.5225;1.11736
1076;20.5179;1.11679
1077;20.5132;1.11622
1078;20.5086;1.11565
1079;20.5041;1.11509
1080;20.4995;1.11453
1081;20.4951;1.11397
1082;20.4906;1.11342
1083;20.4862;1.11287
1084;20.4818;1.11232
1085;20.4775;1.11177
1086;20.4732;1.11123
1087;20.4689;1.11069
1088;20.4647;1.11015
1089;20.4605;1.10961
1090;20.4564;1.10908
1091;20.4523;1.10855
1092;20.4482;1.10802
1093;20.4441;1.10749
1094;20.4401;1.10697
1095;20.4361;1.10645
1096;20.4322;1.10593
1097;20.4283;1.10541
1098;20.4244;1.1049
1099;20.4206;1.10439
1100;20.4168;1.10388
1101;20.413;1.10337
1102;20.4092;1.10287
1103;20.4055;1.10236
1104;20.4018;1.10187
1105;20.3982;1.10137
1106;20.3946;1.10087
1107;20.391;1.10038
1108;20.3874;1.09989
1109;20.3839;1.0994
1110;20.3804;1.09892
1111;20.377;1.09844
1112;20.3735;1.09796
1113;20.3701;1.09748
1114;20.3667;1.097
1115;20.3634;1.09653
1116;20.3601;1.09606
1117;20.3568;1.09559
1118;20.3535;1.09512
1119;20.3503;1.09465
1120;20.3471;1.09419
1121;20.3439;1.09373
1122;20.3408;1.09327
1123;20.3377;1.09282
1124;20.3346;1.09236
1125;20.3315;1.09191
1126;20.3285;1.09146
1127;20.3255;1.09102
1128;20.3225;1.09057
1129;20.3195;1.09013
1130;20.3166;1.08969
1131;20.3137;1.08925
1132;20.3108;1.08881
1133;20.3079;1.08838
1134;20.3051;1.08794
1135;20.3023;1.08751
1136;20.2995;1.08708
1137;20.2968;1.08666
1138;20.294;1.08623
1139;20.2913;1.08581
1140;20.2886;1.08539
1141;20.286;1.08497
1142;20.2834;1.08456
1143;20.2807;1.08414
1144;20.2781;1.08373
1145;20.2756;1.08332
1146;20.273;1.08291
1147;20.2705;1.08251
1148;20.268;1.0821
1149;20.2655;1.0817
1150;20.2631;1.0813
1151;20.2606;1.0809
1152;20.2582;1.0805
1153;20.2558;1.08011
1154;20.2535;1.07972
1155;20.2511;1.07933
1156;20.2488;1.07894
1157;20.2465;1.07855
1158;20.2442;1.07816
1159;20.2419;1.07778
1160;20.2397;1.0774
1161;20.2375;1.07702
1162;20.2353;1.07664
1163;20.2331;1.07626
1164;20.2309;1.07589
1165;20.2288;1.07552
1166;20.2266;1.07515
1167;20.2245;1.07478
1168;20.2224;1.07441
1169;20.2204;1.07405
1170;20.2183;1.07368
1171;20.2163;1.07332
1172;20.2143;1.07296
1173;20.2123;1.0726
1174;20.2103;1.07225
1175;20.2083;1.07189
1176;20.2064;1.07154
1177;20.2045;1.07119
1178;20.2025;1.07084
1179;20.2007;1.07049
1180;20.1988;1.07014
1181;20.1969;1.0698
1182;20.1951;1.06945
1183;20.1933;1.06911
1184;20.1914;1.06877
1185;20.1897;1.06843
1186;20.1879;1.0681
1187;20.1861;1.06776
1188;20.1844;1.06743
1189;20.1826;1.0671
1190;20.1809;1.06677
1191;20.1792;1.06644
1192;20.1776;1.06611
1193;20.1759;1.06579
1194;20.1742;1.06546
1195;20.1726;1.06514
1196;20.171;1.06482
1197;20.1694;1.0645
1198;20.1678;1.06418
1199;20.1662;1.06387
1200;20.1646;1.06355
1201;20.1631;1.06324
1202;20.1616;1.06293
1203;20.16;1.06262
1204;20.1585;1.06231
1205;20.157;1.06201
1206;20.1556;1.0617
1207;20.1541;1.0614
1208;20.1526;1.06109
1209;20.1512;1.06079
1210;20.1498;1.06049
1211;20.1484;1.0602
1212;20.147;1.0599
1213;20.1456;1.0596
1214;20.1442;1.05931
1215;20.1428;1.05902
1216;20.1415;1.05873
1217;20.1402;1.05844
1218;20.1388;1.05815
1219;20.1375;1.05786
1220;20.1362;1.05758
1221;20.1349;1.05729
1222;20.1337;1.05701
1223;20.1324;1.05673
1224;20.1311;1.05645
1225;20.1299;1.05617
1226;20.1287;1.05589
1227;20.1274;1.05562
1228;20.1262;1.05534
1229;20.125;1.05507
1230;20.1239;1.0548
1231;20.1227;1.05453
1232;20.1215;1.05426
1233;20.1204;1.05399
1234;20.1192;1.05373
1235;20.1181;1.05346
1236;20.117;1.0532
1237;20.1159;1.05294
1238;20.1148;1.05267
1239;20.1137;1.05241
1240;20.1126;1.05216
1241;20.1115;1.0519
1242;20.1105;1.05164
1243;20.1094;1.05139
1244;20.1084;1.05113
1245;20.1073;1.05088
1246;20.1063;1.05063
1247;20.1053;1.05038
1248;20.1043;1.05013
1249;20.1033;1.04988
1250;20.1023;1.04964
1251;20.1013;1.04939
1252;20.1004;1.04915
1253;20.0994;1.0489
1254;20.0985;1.04866
1255;20.0975;1.04842
1256;20.0966;1.04818
1257;20.0957;1.04795
1258;20.0948;1.04771
1259;20.0939;1.04747
1260;20.093;1.04724
1261;20.0921;1.047
1262;20.0912;1.04677
1263;20.0903;1.04654
1264;20.0895;1.04631
1265;20.0886;1.04608
1266;20.0878;1.04585
1267;20.0869;1.04563
1268;20.0861;1.0454
1269;20.0853;1.04518
1270;20.0845;1.04495
1271;20.0836;1.04473
1272;20.0828;1.04451
1273;20.0821;1.04429
1274;20.0813;1.04407
1275;20.0805;1.04385
1276;20.0797;1.04364
1277;20.079;1.04342
1278;20.0782;1.04321
1279;20.0774;1.04299
1280;20.0767;1.04278
1281;20.076;1.04257
1282;20.0752;1.04236
1283;20.0745;1.04215
1284;20.0738;1.04194
1285;20.0731;1.04173
1286;20.0724;1.04153
1287;20.0717;1.04132
1288;20.071;1.04112
1289;20.0703;1.04091
1290;20.0696;1.04071
1291;20.069;1.04051
1292;20.0683;1.04031
1293;20.0677;1.04011
1294;20.067;1.03991
1295;20.0664;1.03971
1296;20.0657;1.03951
1297;20.0651;1.03932
1298;20.0645;1.03912
1299;20.0638;1.03893
1300;20.0632;1.03874
1301;20.0626;1.03855
1302;20.062;1.03836
1303;20.0614;1.03817
1304;20.0608;1.03798
1305;20.0602;1.03779
1306;20.0597;1.0376
1307;20.0591;1.03741
1308;20.0585;1.03723
1309;20.058;1.03704
1310;20.0574;1.03686
1311;20.0568;1.03668
1312;20.0563;1.0365
1313;20.0558;1.03632
1314;20.0552;1.03614
1315;20.0547;1.03596
1316;20.0542;1.03578
1317;20.0536;1.0356
1318;20.0531;1.03543
1319;20.0526;1.03525
1320;20.0521;1.03507
1321;20.0516;1.0349
1322;20.0511;1.03473
1323;20.0506;1.03456
1324;20.0501;1.03438
1325;20.0496;1.03421
1326;20.0491;1.03404
1327;20.0487;1.03388
1328;20.0482;1.03371
1329;20.0477;1.03354
1330;20.0473;1.03337
1331;20.0468;1.03321
1332;20.0464;1.03304
1333;20.0459;1.03288
1334;20.0455;1.03272
1335;20.045;1.03256
1336;20.0446;1.03239
1337;20.0442;1.03223
1338;20.0437;1.03207
1339;20.0433;1.03191
1340;20.0429;1.03176
1341;20.0425;1.0316
1342;20.0421;1.03144
1343;20.0416;1.03129
1344;20.0412;1.03113
1345;20.0408;1.03098
1346;20.0404;1.03082
1347;20.0401;1.03067
1348;20.0397;1.03052
1349;20.0393;1.03037
1350;20.0389;1.03021
1351;20.0385;1.03006
1352;20.0381;1.02992
1353;20.0378;1.02977
1354;20.0374;1.02962
1355;20.037;1.02947
1356;20.0367;1.02933
1357;20.0363;1.02918
1358;20.036;1.02904
1359;20.0356;1.02889
1360;20.0353;1.02875
1361;20.0349;1.02861
1362;20.0346;1.02846
1363;20.0343;1.02832
1364;20.0339;1.02818
1365;20.0336;1.02804
1366;20.0333;1.0279
1367;20.0329;1.02776
1368;20.0326;1.02763
1369;20.0323;1.02749
1370;20.032;1.02735
1371;20.0317;1.02722
1372;20.0314;1.02708
1373;20.0311;1.02695
1374;20.0308;1.02681
1375;20.0305;1.02668
1376;20.0302;1.02655
1377;20.0299;1.02642
1378;20.0296;1.02628
1379;20.0293;1.02615
1380;20.029;1.02602
1381;20.0287;1.02589
1382;20.0285;1.02577
1383;20.0282;1.02564
1384;20.0279;1.02551
1385;20.0276;1.02538
1386;20.0274;1.02526
1387;20.0271;1.02513
1388;20.0268;1.02501
1389;20.0266;1.02488
1390;20.0263;1.02476
1391;20.026;1.02464
1392;20.0258;1.02451
1393;20.0255;1.02439
1394;20.0253;1.02427
1395;20.025;1.02415
1396;20.0248;1.02403
1397;20.0246;1.02391
1398;20.0243;1.02379
1399;20.0241;1.02367
1400;20.0238;1.02356
1401;20.0236;1.02344
1402;20.0234;1.02332
1403;20.0232;1.02321
1404;20.0229;1.02309
1405;20.0227;1.02298
1406;20.0225;1.02286
1407;20.0223;1.02275
1408;20.022;1.02264
1409;20.0218;1.02252
1410;20.0216;1.02241
1411;20.0214;1.0223
1412;20.0212;1.02219
1413;20.021;1.02208
1414;20.0208;1.02197
1415;20.0206;1.02186
1416;20.0204;1.02175
1417;20.0202;1.02164
1418;20.02;1.02153
1419;20.0198;1.02143
1420;20.0196;1.02132
1421;20.0194;1.02122
1422;20.0192;1.02111
1423;20.019;1.021
1424;20.0188;1.0209
1425;20.0186;1.0208
1426;20.0185;1.02069
1427;20.0183;1.02059
1428;20.0181;1.02049
1429;20.0179;1.02039
1430;20.0178;1.02028
1431;20.0176;1.02018
1432;20.0174;1.02008
1433;20.0172;1.01998
1434;20.0171;1.01988
1435;20.0169;1.01978
1436;20.0167;1.01969
1437;20.0166;1.01959
1438;20.0164;1.01949
1439;20.0162;1.01939
1440;20.0161;1.0193
1441;20.0159;1.0192
1442;20.0158;1.01911
1443;20.0156;1.01901
1444;20.0155;1.01892
1445;20.0153;1.01882
1446;20.0152;1.01873
1447;20.015;1.01864
1448;20.0149;1.01854
1449;20.0147;1.01845
1450;20.0146;1.01836
1451;20.0144;1.01827
1452;20.0143;1.01818
1453;20.0142;1.01809
1454;20.014;1.018
1455;20.0139;1.01791
1456;20.0137;1.01782
1457;20.0136;1.01773
1458;20.0135;1.01764
1459;20.0133;1.01755
1460;20.0132;1.01746
1461;20.0131;1.01738
1462;20.0129;1.01729
1463;20.0128;1.01721
1464;20.0127;1.01712
1465;20.0126;1.01703
1466;20.0124;1.01695
1467;20.0123;1.01687
1468;20.0122;1.01678
1469;20.0121;1.0167
1470;20.012;1.01661
1471;20.0118;1.01653
1472;20.0117;1.01645
1473;20.0116;1.01637
1474;20.0115;1.01629
1475;20.0114;1.01621
1476;20.0113;1.01612
1477;20.0112;1.01604
1478;20.0111;1.01596
1479;20.0109;1.01588
1480;20.0108;1.01581
1481;20.0107;1.01573
1482;20.0106;1.01565
1483;20.0105;1.01557
1484;20.0104;1.01549
1485;20.0103;1.01542
1486;20.0102;1.01534
1487;20.0101;1.01526
1488;20.01;1.01519
1489;20.0099;1.01511
1490;20.0098;1.01504
1491;20.0097;1.01496
1492;20.0096;1.01489
1493;20.0095;1.01481
1494;20.0094;1.01474
1495;20.0093;1.01467
1496;20.0092;1.01459
1497;20.0092;1.01452
1498;20.0091;1.01445
1499;20.009;1.01438
1500;20.0089;1.0143
1501;20.0088;1.01423
1502;20.0087;1.01416
1503;20.0086;1.01409
1504;20.0085;1.01402
1505;20.0085;1.01395
1506;20.0084;1.01388
1507;20.0083;1.01381
1508;20.0082;1.01374
1509;20.0081;1.01367
1510;20.0081;1.01361
1511;20.008;1.01354
1512;20.0079;1.01347
1513;20.0078;1.0134
1514;20.0077;1.01334
1515;20.0077;1.01327
1516;20.0076;1.01321
1517;20.0075;1.01314
1518;20.0074;1.01307
1519;20.0074;1.01301
1520;20.0073;1.01294
1521;20.0072;1.01288
1522;20.0071;1.01282
1523;20.0071;1.01275
1524;20.007;1.01269
1525;20.0069;1.01262
1526;20.0069;1.01256
1527;20.0068;1.0125
1528;20.0067;1.01244
1529;20.0067;1.01237
1530;20.0066;1.01231
1531;20.0065;1.01225
1532;20.0065;1.01219
1533;20.0064;1.01213
1534;20.0063;1.01207
1535;20.0063;1.01201
1536;20.0062;1.01195
1537;20.0062;1.01189
1538;20.0061;1.01183
1539;20.006;1.01177
1540;20.006;1.01171
1541;20.0059;1.01165
1542;20.0059;1.0116
1543;20.0058;1.01154
1544;20.0057;1.01148
1545;20.0057;1.01142
1546;20.0056;1.01137
1547;20.0056;1.01131
1548;20.0055;1.01125
1549;20.0055;1.0112
1550;20.0054;1.01114
1551;20.0054;1.01109
1552;20.0053;1.01103
1553;20.0053;1.01098
1554;20.0052;1.01092
1555;20.0051;1.01087
1556;20.0051;1.01081
1557;20.005;1.01076
1558;20.005;1.01071
1559;20.0049;1.01065
1560;20.0049;1.0106
1561;20.0049;1.01055
1562;20.0048;1.01049
1563;20.0048;1.01044
1564;20.0047;1.01039
1565;20.0047;1.01034
1566;20.0046;1.01029
1567;20.0046;1.01023
1568;20.0045;1.01018
1569;20.0045;1.01013
1570;20.0044;1.01008
1571;20.0044;1.01003
1572;20.0043;1.00998
1573;20.0043;1.00993
1574;20.0043;1.00988
1575;20.0042;1.00983
1576;20.0042;1.00978
1577;20.0041;1.00974
1578;20.0041;1.00969
1579;20.0041;1.00964
1580;20.004;1.00959
1581;20.004;1.00954
1582;20.0039;1.0095
1583;20.0039;1.00945
1584;20.0039;1.0094
1585;20.0038;1.00935
1586;20.0038;1.00931
1587;20.0037;1.00926
1588;20.0037;1.00921
1589;20.0037;1.00917
1590;20.0036;1.00912
1591;20.0036;1.00908
1592;20.0036;1.00903
1593;20.0035;1.00899
1594;20.0035;1.00894
1595;20.0035;1.0089
1596;20.0034;1.00885
1597;20.0034;1.00881
1598;20.0034;1.00877
1599;20.0033;1.00872
1600;20.0033;1.00868
1601;20.0033;1.00863
1602;20.0032;1.00859
1603;20.0032;1.00855
1604;20.0032;1.00851
1605;20.0031;1.00846
1606;20.0031;1.00842
1607;20.0031;1.00838
1608;20.003;1.00834
1609;20.003;1.0083
1610;20.003;1.00825
1611;20.0029;1.00821
1612;20.0029;1.00817
1613;20.0029;1.00813
1614;20.0029;1.00809
1615;20.0028;1.00805
1616;20.0028;1.00801
1617;20.0028;1.00797
1618;20.0028;1.00793
1619;20.0027;1.00789
1620;20.0027;1.00785
1621;20.0027;1.00781
1622;20.0026;1.00777
1623;20.0026;1.00773
1624;20.0026;1.0077
1625;20.0026;1.00766
1626;20.0025;1.00762
1627;20.0025;1.00758
1628;20.0025;1.00754
1629;20.0025;1.00751
1630;20.0024;1.00747
1631;20.0024;1.00743
1632;20.0024;1.00739
1633;20.0024;1.00736
1634;20.0023;1.00732
1635;20.0023;1.00728
1636;20.0023;1.00725
1637;20.0023;1.00721
1638;20.0023;1.00718
1639;20.0022;1.00714
1640;20.0022;1.0071
1641;20.0022;1.00707
1642;20.0022;1.00703
1643;20.0021;1.007
1644;20.0021;1.00696
1645;20.0021;1.00693
1646;20.0021;1.00689
1647;20.0021;1.00686
1648;20.002;1.00683
1649;20.002;1.00679
1650;20.002;1.00676
1651;20.002;1.00672
1652;20.002;1.00669
1653;20.0019;1.00666
1654;20.0019;1.00662
1655;20.0019;1.00659
1656;20.0019;1.00656
1657;20.0019;1.00653
1658;20.0018;1.00649
1659;20.0018;1.00646
1660;20.0018;1.00643
1661;20.0018;1.0064
1662;20.0018;1.00636
1663;20.0018;1.00633
1664;20.0017;1.0063
1665;20.0017;1.00627
1666;20.0017;1.00624
1667;20.0017;1.00621
1668;20.0017;1.00618
1669;20.0017;1.00615
1670;20.0016;1.00611
1671;20.0016;1.00608
1672;20.0016;1.00605
1673;20.0016;1.00602
1674;20.0016;1.00599
1675;20.0016;1.00596
1676;20.0015;1.00593
1677;20.0015;1.0059
1678;20.0015;1.00587
1679;20.0015;1.00585
1680;20.0015;1.00582
1681;20.0015;1.00579
1682;20.0015;1.00576
1683;20.0014;1.00573
1684;20.0014;1.0057
1685;20.0014;1.00567
1686;20.0014;1.00564
1687;20.0014;1.00562
1688;20.0014;1.00559
1689;20.0014;1.00556
1690;20.0013;1.00553
1691;20.0013;1.0055
1692;20.0013;1.00548
1693;20.0013;1.00545
1694;20.0013;1.00542
1695;20.0013;1.0054
1696;20.0013;1.00537
1697;20.0012;1.00534
1698;20.0012;1.00532
1699;20.0012;1.00529
1700;20.0012;1.00526
1701;20.0012;1.00524
1702;20.0012;1.00521
1703;20.0012;1.00518
1704;20.0012;1.00516
1705;20.0012;1.00513
1706;20.0011;1.00511
1707;20.0011;1.00508
1708;20.0011;1.00506
1709;20.0011;1.00503
1710;20.0011;1.00501
1711;20.0011;1.00498
1712;20.0011;1.00496
1713;20.0011;1.00493
1714;20.0011;1.00491
1715;20.001;1.00488
1716;20.001;1.00486
1717;20.001;1.00483
1718;20.001;1.00481
1719;20.001;1.00478
1720;20.001;1.00476
1721;20.001;1.00474
1722;20.001;1.00471
1723;20.001;1.00469
1724;20.001;1.00467
1725;20.0009;1.00464
1726;20.0009;1.00462
1727;20.0009;1.0046
1728;20.0009;1.00457
1729;20.0009;1.00455
1730;20.0009;1.00453
1731;20.0009;1.00451
1732;20.0009;1.00448
1733;20.0009;1.00446
1734;20.0009;1.00444
1735;20.0009;1.00442
1736;20.0008;1.00439
1737;20.0008;1.00437
1738;20.0008;1.00435
1739;20.0008;1.00433
1740;20.0008;1.00431
1741;20.0008;1.00429
1742;20.0008;1.00426
1743;20.0008;1.00424
1744;20.0008;1.00422
1745;20.0008;1.0042
1746;20.0008;1.00418
1747;20.0008;1.00416
1748;20.0008;1.00414
1749;20.0007;1.00412
1750;20.0007;1.0041
1751;20.0007;1.00408
1752;20.0007;1.00406
1753;20.0007;1.00404
1754;20.0007;1.00402
1755;20.0007;1.004
1756;20.0007;1.00398
1757;20.0007;1.00396
1758;20.0007;1.00394
1759;20.0007;1.00392
1760;20.0007;1.0039
1761;20.0007;1.00388
1762;20.0007;1.00386
1763;20.0006;1.00384
1764;20.0006;1.00382
1765;20.0006;1.0038
1766;20.0006;1.00378
1767;20.0006;1.00376
1768;20.0006;1.00374
1769;20.0006;1.00373
1770;20.0006;1.00371
1771;20.0006;1.00369
1772;20.0006;1.00367
1773;20.0006;1.00365
1774;20.0006;1.00363
1775;20.0006;1.00362
1776;20.0006;1.0036
1777;20.0006;1.00358
1778;20.0006;1.00356
1779;20.0006;1.00354
1780;20.0005;1.00353
1781;20.0005;1.00351
1782;20.0005;1.00349
1783;20.0005;1.00347
1784;20.0005;1.00346
1785;20.0005;1.00344
1786;20.0005;1.00342
1787;20.0005;1.0034
1788;20.0005;1.00339
1789;20.0005;1.00337
1790;20.0005;1.00335
1791;20.0005;1.00334
1792;20.0005;1.00332
1793;20.0005;1.0033
1794;20.0005;1.00329
1795;20.0005;1.00327
1796;20.0005;1.00325
1797;20.0005;1.00324
1798;20.0005;1.00322
1799;20.0005;1.00321
1800;20.0004;1.00319
1801;20.0004;1.00317
1802;20.0004;1.00316
1803;20.0004;1.00314
1804;20.0004;1.00313
1805;20.0004;1.00311
1806;20.0004;1.0031
1807;20.0004;1.00308
1808;20.0004;1.00306
1809;20.0004;1.00305
1810;20.0004;1.00303
1811;20.0004;1.00302
1812;20.0004;1.003
1813;20.0004;1.00299
1814;20.0004;1.00297
1815;20.0004;1.00296
1816;20.0004;1.00294
1817;20.0004;1.00293
1818;20.0004;1.00292
1819;20.0004;1.0029
1820;20.0004;1.00289
1821;20.0004;1.00287
1822;20.0004;1.00286
1823;20.0004;1.00284
1824;20.0004;1.00283
1825;20.0003;1.00281
1826;20.0003;1.0028
1827;20.0003;1.00279
1828;20.0003;1.00277
1829;20.0003;1.00276
1830;20.0003;1.00275
1831;20.0003;1.00273
1832;20.0003;1.00272
1833;20.0003;1.0027
1834;20.0003;1.00269
1835;20.0003;1.00268
1836;20.0003;1.00266
1837;20.0003;1.00265
1838;20.0003;1.00264
1839;20.0003;1.00262
1840;20.0003;1.00261
1841;20.0003;1.0026
1842;20.0003;1.00259
1843;20.0003;1.00257
1844;20.0003;1.00256
1845;20.0003;1.00255
1846;20.0003;1.00253
1847;20.0003;1.00252
1848;20.0003;1.00251
1849;20.0003;1.0025
1850;20.0003;1.00248
1851;20.0003;1.00247
1852;20.0003;1.00246
1853;20.0003;1.00245
1854;20.0003;1.00243
1855;20.0003;1.00242
1856;20.0003;1.00241
1857;20.0003;1.0024
1858;20.0002;1.00239
1859;20.0002;1.00237
1860;20.0002;1.00236
1861;20.0002;1.00235
1862;20.0002;1.00234
1863;20.0002;1.00233
1864;20.0002;1.00232
1865;20.0002;1.0023
1866;20.0002;1.00229
1867;20.0002;1.00228
1868;20.0002;1.00227
1869;20.0002;1.00226
1870;20.0002;1.00225
1871;20.0002;1.00224
1872;20.0002;1.00222
1873;20.0002;1.00221
1874;20.0002;1.0022
1875;20.0002;1.00219
1876;20.0002;1.00218
1877;20.0002;1.00217
1878;20.0002;1.00216
1879;20.0002;1.00215
1880;20.0002;1.00214
1881;20.0002;1.00213
1882;20.0002;1.00212
1883;20.0002;1.00211
1884;20.0002;1.0021
1885;20.0002;1.00208
1886;20.0002;1.00207
1887;20.0002;1.00206
1888;20.0002;1.00205
1889;20.0002;1.00204
1890;20.0002;1.00203
1891;20.0002;1.00202
1892;20.0002;1.00201
1893;20.0002;1.002
1894;20.0002;1.00199
1895;20.0002;1.00198
1896;20.0002;1.00197
1897;20.0002;1.00196
1898;20.0002;1.00195
1899;20.0002;1.00194
1900;20.0002;1.00193
1901;20.0002;1.00192
1902;20.0002;1.00191
1903;20.0002;1.00191
1904;20.0002;1.0019
1905;20.0002;1.00189
1906;20.0002;1.00188
1907;20.0002;1.00187
1908;20.0002;1.00186
1909;20.0001;1.00185
1910;20.0001;1.00184
1911;20.0001;1.00183
1912;20.0001;1.00182
1913;20.0001;1.00181
1914;20.0001;1.0018
1915;20.0001;1.00179
1916;20.0001;1.00179
1917;20.0001;1.00178
1918;20.0001;1.00177
1919;20.0001;1.00176
1920;20.0001;1.00175
1921;20.0001;1.00174
1922;20.0001;1.00173
1923;20.0001;1.00172
1924;20.0001;1.00172
1925;20.0001;1.00171
1926;20.0001;1.0017
1927;20.0001;1.00169
1928;20.0001;1.00168
1929;20.0001;1.00167
1930;20.0001;1.00166
1931;20.0001;1.00166
1932;20.0001;1.00165
1933;20.0001;1.00164
1934;20.0001;1.00163
1935;20.0001;1.00162
1936;20.0001;1.00162
1937;20.0001;1.00161
1938;20.0001;1.0016
1939;20.0001;1.00159
1940;20.0001;1.00158
1941;20.0001;1.00158
1942;20.0001;1.00157
1943;20.0001;1.00156
1944;20.0001;1.00155
1945;20.0001;1.00154
1946;20.0001;1.00154
1947;20.0001;1.00153
1948;20.0001;1.00152
1949;20.0001;1.00151
1950;20.0001;1.00151
1951;20.0001;1.0015
1952;20.0001;1.00149
1953;20.0001;1.00148
1954;20.0001;1.00148
1955;20.0001;1.00147
1956;20.0001;1.00146
1957;20.0001;1.00145
1958;20.0001;1.00145
1959;20.0001;1.00144
1960;20.0001;1.00143
1961;20.0001;1.00143
1962;20.0001;1.00142
1963;20.0001;1.00141
1964;20.0001;1.0014
1965;20.0001;1.0014
1966;20.0001;1.00139
1967;20.0001;1.00138
1968;20.0001;1.00138
1969;20.0001;1.00137
1970;20.0001;1.00136
1971;20.0001;1.00136
1972;20.0001;1.00135
1973;20.0001;1.00134
1974;20.0001;1.00134
1975;20.0001;1.00133
1976;20.0001;1.00132
1977;20.0001;1.00132
1978;20.0001;1.00131
1979;20.0001;1.0013
1980;20.0001;1.0013
1981;20.0001;1.00129
1982;20.0001;1.00128
1983;20.0001;1.00128
1984;20.0001;1.00127
1985;20.0001;1.00126
1986;20.0001;1.00126
1987;20.0001;1.00125
1988;20.0001;1.00125
1989;20.0001;1.00124
1990;20.0001;1.00123
1991;20.0001;1.00123
1992;20.0001;1.00122
1993;20.0001;1.00121
1994;20.0001;1.00121
1995;20.0001;1.0012
1996;20.0001;1.0012
1997;20.0001;1.00119
1998;20.0001;1.00118
1999;20.0001;1.00118
2000;20.0001;1.00117
