t;T_B;V_A;V_B
0;20.6464;4.99131;1.00869
1;21.2749;4.98262;1.01734
2;21.8862;4.97394;1.02593
3;22.4808;4.96527;1.03447
4;23.0594;4.95661;1.04296
5;23.6226;4.94795;1.05141
6;24.1708;4.9393;1.0598
7;24.7048;4.93066;1.06815
8;25.2249;4.92203;1.07645
9;25.7316;4.9134;1.0847
10;26.2253;4.90478;1.0929
11;26.7066;4.89617;1.10106
12;27.1759;4.88757;1.10917
13;27.6335;4.87897;1.11723
14;28.0798;4.87039;1.12525
15;28.5152;4.86181;1.13322
16;28.94;4.85323;1.14115
17;29.3546;4.84467;1.14903
18;29.7594;4.83611;1.15687
19;30.1545;4.82756;1.16466
20;30.5404;4.81902;1.17242
21;30.9173;4.81048;1.18012
22;31.2854;4.80196;1.18779
23;31.6451;4.79344;1.19541
24;31.9966;4.78492;1.20299
25;32.3402;4.77642;1.21052
26;32.676;4.76792;1.21802
27;33.0043;4.75943;1.22547
28;33.3254;4.75095;1.23288
29;33.6393;4.74247;1.24026
30;33.9465;4.73401;1.24759
31;34.2469;4.72555;1.25488
32;34.5408;4.7171;1.26213
33;34.8285;4.70865;1.26933
34;35.11;4.70022;1.27651
35;35.3856;4.69179;1.28364
36;35.6554;4.68336;1.29073
37;35.9195;4.67495;1.29778
38;36.1781;4.66654;1.3048
39;36.4314;4.65814;1.31177
40;36.6795;4.64975;1.31871
41;36.9225;4.64137;1.32561
42;37.1606;4.63299;1.33247
43;37.3939;4.62462;1.3393
44;37.6225;4.61626;1.34609
45;37.8465;4.60791;1.35284
46;38.0661;4.59956;1.35955
47;38.2813;4.59123;1.36623
48;38.4924;4.58289;1.37287
49;38.6993;4.57457;1.37948
50;38.9021;4.56626;1.38605
51;39.1011;4.55795;1.39259
52;39.2962;4.54965;1.39909
53;39.4876;4.54135;1.40555
54;39.6753;4.53307;1.41198
55;39.8595;4.52479;1.41838
56;40.0402;4.51652;1.42474
57;40.2175;4.50826;1.43106
58;40.3914;4.5;1.43736
59;40.5622;4.49175;1.44361
60;40.7297;4.48351;1.44984
61;40.8942;4.47528;1.45603
62;41.0557;4.46706;1.46219
63;41.2142;4.45884;1.46831
64;41.3698;4.45063;1.47441
65;41.5226;4.44243;1.48047
66;41.6726;4.43423;1.48649
67;41.8199;4.42605;1.49249
68;41.9646;4.41787;1.49845
69;42.1067;4.40969;1.50438
70;42.2463;4.40153;1.51028
71;42.3833;4.39337;1.51615
72;42.518;4.38522;1.52199
73;42.6503;4.37708;1.52779
74;42.7803;4.36895;1.53357
75;42.908;4.36082;1.53931
76;43.0335;4.3527;1.54502
77;43.1568;4.34459;1.5507
78;43.2779;4.33648;1.55635
79;43.397;4.32839;1.56197
80;43.514;4.3203;1.56757
81;43.629;4.31222;1.57313
82;43.7421;4.30414;1.57866
83;43.8532;4.29608;1.58416
84;43.9624;4.28802;1.58963
85;44.0698;4.27997;1.59508
86;44.1754;4.27192;1.60049
87;44.2792;4.26389;1.60587
88;44.3812;4.25586;1.61123
89;44.4816;4.24784;1.61656
90;44.5802;4.23983;1.62186
91;44.6772;4.23182;1.62713
92;44.7726;4.22382;1.63237
93;44.8664;4.21583;1.63758
94;44.9587;4.20785;1.64277
95;45.0494;4.19987;1.64793
96;45.1386;4.19191;1.65306
97;45.2264;4.18395;1.65816
98;45.3127;4.17599;1.66324
99;45.3976;4.16805;1.66829
100;45.4811;4.16011;1.67331
101;45.5633;4.15218;1.6783
102;45.6441;4.14426;1.68327
103;45.7236;4.13634;1.68821
104;45.8018;4.12843;1.69313
105;45.8788;4.12053;1.69801
106;45.9544;4.11264;1.70287
107;46.0289;4.10476;1.70771
108;46.1022;4.09688;1.71252
109;46.1743;4.08901;1.7173
110;46.2452;4.08115;1.72206
111;46.315;4.07329;1.72679
112;46.3836;4.06545;1.7315
113;46.4512;4.05761;1.73618
114;46.5176;4.04978;1.74083
115;46.583;4.04195;1.74546
116;46.6474;4.03414;1.75007
117;46.7107;4.02633;1.75465
118;46.773;4.01852;1.7592
119;46.8344;4.01073;1.76374
120;46.8947;4.00294;1.76824
121;46.9541;3.99517;1.77272
122;47.0125;3.98739;1.77718
123;47.07;3.97963;1.78161
124;47.1266;3.97187;1.78602
125;47.1823;3.96413;1.7904
126;47.237;3.95638;1.79477
127;47.291;3.94865;1.7991
128;47.344;3.94093;1.80341
129;47.3962;3.93321;1.8077
130;47.4476;3.9255;1.81197
131;47.4982;3.91779;1.81621
132;47.5479;3.9101;1.82043
133;47.5969;3.90241;1.82463
134;47.6451;3.89473;1.8288
135;47.6925;3.88706;1.83295
136;47.7391;3.87939;1.83708
137;47.785;3.87173;1.84118
138;47.8302;3.86408;1.84526
139;47.8747;3.85644;1.84932
140;47.9184;3.8488;1.85336
141;47.9614;3.84118;1.85737
142;48.0038;3.83356;1.86136
143;48.0455;3.82594;1.86533
144;48.0865;3.81834;1.86928
145;48.1268;3.81074;1.8732
146;48.1665;3.80315;1.87711
147;48.2055;3.79557;1.88099
148;48.2439;3.78799;1.88485
149;48.2817;3.78043;1.88869
150;48.3189;3.77287;1.8925
151;48.3555;3.76532;1.8963
152;48.3914;3.75777;1.90007
153;48.4268;3.75023;1.90382
154;48.4616;3.74271;1.90756
155;48.4959;3.73518;1.91127
156;48.5295;3.72767;1.91496
157;48.5627;3.72016;1.91862
158;48.5952;3.71266;1.92227
159;48.6273;3.70517;1.9259
160;48.6588;3.69769;1.9295
161;48.6897;3.69021;1.93309
162;48.7202;3.68274;1.93666
163;48.7501;3.67528;1.9402
164;48.7796;3.66783;1.94373
165;48.8085;3.66038;1.94723
166;48.837;3.65294;1.95071
167;48.865;3.64551;1.95418
168;48.8925;3.63809;1.95762
169;48.9195;3.63067;1.96105
170;48.946;3.62327;1.96445
171;48.9722;3.61586;1.96784
172;48.9978;3.60847;1.9712
173;49.023;3.60109;1.97455
174;49.0478;3.59371;1.97787
175;49.0721;3.58634;1.98118
176;49.096;3.57897;1.98447
177;49.1195;3.57162;1.98774
178;49.1426;3.56427;1.99099
179;49.1652;3.55693;1.99422
180;49.1875;3.5496;1.99743
181;49.2093;3.54227;2.00062
182;49.2308;3.53496;2.00379
183;49.2518;3.52765;2.00695
184;49.2725;3.52034;2.01008
185;49.2928;3.51305;2.0132
186;49.3127;3.50576;2.0163
187;49.3323;3.49848;2.01938
188;49.3514;3.49121;2.02244
189;49.3703;3.48394;2.02548
190;49.3887;3.47669;2.02851
191;49.4068;3.46944;2.03152
192;49.4246;3.4622;2.0345
193;49.442;3.45496;2.03747
194;49.459;3.44773;2.04043
195;49.4758;3.44051;2.04336
196;49.4922;3.4333;2.04628
197;49.5082;3.4261;2.04918
198;49.524;3.4189;2.05206
199;49.5394;3.41171;2.05492
200;49.5545;3.40453;2.05777
201;49.5693;3.39736;2.0606
202;49.5838;3.39019;2.06341
203;49.5979;3.38303;2.06621
204;49.6118;3.37588;2.06898
205;49.6254;3.36874;2.07174
206;49.6387;3.3616;2.07449
207;49.6516;3.35447;2.07721
208;49.6643;3.34735;2.07992
209;49.6768;3.34024;2.08261
210;49.6889;3.33313;2.08529
211;49.7007;3.32603;2.08794
212;49.7123;3.31894;2.09058
213;49.7236;3.31186;2.09321
214;49.7346;3.30479;2.09582
215;49.7454;3.29772;2.09841
216;49.7559;3.29066;2.10098
217;49.7661;3.2836;2.10354
218;49.7761;3.27656;2.10608
219;49.7859;3.26952;2.10861
220;49.7953;3.26249;2.11112
221;49.8046;3.25547;2.11361
222;49.8135;3.24845;2.11609
223;49.8223;3.24145;2.11855
224;49.8308;3.23445;2.12099
225;49.839;3.22745;2.12342
226;49.8471;3.22047;2.12583
227;49.8548;3.21349;2.12823
228;49.8624;3.20652;2.13061
229;49.8697;3.19956;2.13298
230;49.8768;3.1926;2.13533
231;49.8837;3.18566;2.13766
232;49.8904;3.17872;2.13998
233;49.8968;3.17179;2.14228
234;49.903;3.16486;2.14457
235;49.909;3.15795;2.14684
236;49.9148;3.15104;2.1491
237;49.9204;3.14413;2.15134
238;49.9258;3.13724;2.15357
239;49.931;3.13035;2.15578
240;49.9359;3.12347;2.15798
241;49.9407;3.1166;2.16016
242;49.9453;3.10974;2.16232
243;49.9496;3.10288;2.16448
244;49.9538;3.09603;2.16661
245;49.9578;3.08919;2.16873
246;49.9616;3.08236;2.17084
247;49.9652;3.07553;2.17293
248;49.9686;3.06872;2.17501
249;49.9718;3.0619;2.17707
250;49.9748;3.0551;2.17912
251;49.9777;3.04831;2.18116
252;49.9804;3.04152;2.18318
253;49.9829;3.03474;2.18518
254;49.9852;3.02796;2.18717
255;49.9873;3.0212;2.18915
256;49.9893;3.01444;2.19111
257;49.9911;3.00769;2.19306
258;49.9927;3.00095;2.19499
259;49.9942;2.99421;2.19691
260;49.9955;2.98748;2.19882
261;49.9966;2.98076;2.20071
262;49.9976;2.97405;2.20259
263;49.9984;2.96735;2.20445
264;49.999;2.96065;2.2063
265;49.9995;2.95396;2.20814
266;49.9998;2.94728;2.20996
267;50;2.9406;2.21177
268;50;2.93393;2.21356
269;49.9999;2.92727;2.21535
270;49.9996;2.92062;2.21711
271;49.9991;2.91398;2.21887
272;49.9985;2.90734;2.22061
273;49.9978;2.90071;2.22234
274;49.9969;2.89409;2.22405
275;49.9959;2.88748;2.22575
276;49.9947;2.88087;2.22744
277;49.9933;2.87427;2.22912
278;49.9919;2.86768;2.23078
279;49.9903;2.86109;2.23242
280;49.9885;2.85452;2.23406
281;49.9866;2.84795;2.23568
282;49.9846;2.84139;2.23729
283;49.9825;2.83483;2.23889
284;49.9802;2.82829;2.24047
285;49.9778;2.82175;2.24204
286;49.9752;2.81522;2.2436
287;49.9725;2.80869;2.24514
288;49.9697;2.80218;2.24668
289;49.9668;2.79567;2.2482
290;49.9637;2.78917;2.2497
291;49.9605;2.78268;2.2512
292;49.9572;2.77619;2.25268
293;49.9537;2.76971;2.25415
294;49.9501;2.76324;2.2556
295;49.9464;2.75678;2.25705
296;49.9426;2.75032;2.25848
297;49.9387;2.74387;2.2599
298;49.9346;2.73743;2.26131
299;49.9304;2.731;2.2627
300;49.9262;2.72458;2.26409
301;49.9217;2.71816;2.26546
302;49.9172;2.71175;2.26682
303;49.9126;2.70535;2.26816
304;49.9078;2.69895;2.2695
305;49.9029;2.69256;2.27082
306;49.898;2.68618;2.27213
307;49.8929;2.67981;2.27343
308;49.8877;2.67345;2.27472
309;49.8824;2.66709;2.27599
310;49.8769;2.66074;2.27725
311;49.8714;2.6544;2.2785
312;49.8658;2.64806;2.27974
313;49.86;2.64174;2.28097
314;49.8542;2.63542;2.28219
315;49.8482;2.62911;2.28339
316;49.8422;2.6228;2.28459
317;49.836;2.61651;2.28577
318;49.8297;2.61022;2.28694
319;49.8234;2.60393;2.2881
320;49.8169;2.59766;2.28925
321;49.8104;2.59139;2.29038
322;49.8037;2.58514;2.29151
323;49.7969;2.57888;2.29262
324;49.7901;2.57264;2.29372
325;49.7831;2.5664;2.29481
326;49.7761;2.56018;2.29589
327;49.7689;2.55395;2.29696
328;49.7617;2.54774;2.29802
329;49.7543;2.54154;2.29907
330;49.7469;2.53534;2.3001
331;49.7394;2.52915;2.30113
332;49.7318;2.52296;2.30214
333;49.724;2.51679;2.30314
334;49.7162;2.51062;2.30414
335;49.7083;2.50446;2.30512
336;49.7004;2.49831;2.30609
337;49.6923;2.49216;2.30705
338;49.6841;2.48602;2.308
339;49.6759;2.47989;2.30893
340;49.6676;2.47377;2.30986
341;49.6591;2.46765;2.31078
342;49.6506;2.46155;2.31168
343;49.642;2.45545;2.31258
344;49.6333;2.44935;2.31347
345;49.6246;2.44327;2.31434
346;49.6157;2.43719;2.31521
347;49.6068;2.43112;2.31606
348;49.5978;2.42506;2.3169
349;49.5887;2.41901;2.31774
350;49.5795;2.41296;2.31856
351;49.5703;2.40692;2.31937
352;49.5609;2.40089;2.32017
353;49.5515;2.39486;2.32097
354;49.542;2.38885;2.32175
355;49.5324;2.38284;2.32252
356;49.5227;2.37684;2.32328
357;49.513;2.37084;2.32403
358;49.5032;2.36485;2.32478
359;49.4933;2.35888;2.32551
360;49.4833;2.3529;2.32623
361;49.4733;2.34694;2.32694
362;49.4632;2.34098;2.32764
363;49.453;2.33504;2.32834
364;49.4427;2.32909;2.32902
365;49.4323;2.32316;2.32969
366;49.4219;2.31723;2.33035
367;49.4114;2.31132;2.33101
368;49.4009;2.30541;2.33165
369;49.3902;2.2995;2.33228
370;49.3795;2.29361;2.33291
371;49.3687;2.28772;2.33352
372;49.3579;2.28184;2.33413
373;49.3469;2.27596;2.33472
374;49.3359;2.2701;2.33531
375;49.3249;2.26424;2.33588
376;49.3137;2.25839;2.33645
377;49.3025;2.25255;2.33701
378;49.2912;2.24671;2.33756
379;49.2799;2.24088;2.33809
380;49.2685;2.23506;2.33862
381;49.257;2.22925;2.33914
382;49.2454;2.22345;2.33965
383;49.2338;2.21765;2.34016
384;49.2221;2.21186;2.34065
385;49.2104;2.20608;2.34113
386;49.1985;2.2003;2.34161
387;49.1867;2.19453;2.34207
388;49.1747;2.18877;2.34253
389;49.1627;2.18302;2.34297
390;49.1506;2.17728;2.34341
391;49.1385;2.17154;2.34384
392;49.1262;2.16581;2.34426
393;49.114;2.16009;2.34467
394;49.1016;2.15438;2.34507
395;49.0892;2.14867;2.34547
396;49.0768;2.14297;2.34585
397;49.0642;2.13728;2.34623
398;49.0517;2.13159;2.34659
399;49.039;2.12592;2.34695
400;49.0263;2.12025;2.3473
401;49.0135;2.11459;2.34764
402;49.0007;2.10893;2.34797
403;48.9878;2.10329;2.34829
404;48.9748;2.09765;2.34861
405;48.9618;2.09202;2.34892
406;48.9487;2.08639;2.34921
407;48.9356;2.08078;2.3495
408;48.9224;2.07517;2.34978
409;48.9091;2.06957;2.35005
410;48.8958;2.06398;2.35032
411;48.8825;2.05839;2.35057
412;48.869;2.05281;2.35082
413;48.8555;2.04724;2.35106
414;48.842;2.04168;2.35129
415;48.8284;2.03612;2.35151
416;48.8147;2.03057;2.35172
417;48.801;2.02503;2.35193
418;48.7872;2.0195;2.35212
419;48.7734;2.01398;2.35231
420;48.7595;2.00846;2.35249
421;48.7456;2.00295;2.35266
422;48.7316;1.99745;2.35283
423;48.7175;1.99195;2.35298
424;48.7034;1.98646;2.35313
425;48.6892;1.98098;2.35327
426;48.675;1.97551;2.3534
427;48.6607;1.97005;2.35353
428;48.6464;1.96459;2.35364
429;48.632;1.95914;2.35375
430;48.6176;1.9537;2.35385
431;48.6031;1.94826;2.35394
432;48.5885;1.94284;2.35403
433;48.5739;1.93742;2.35411
434;48.5593;1.93201;2.35417
435;48.5446;1.9266;2.35424
436;48.5298;1.92121;2.35429
437;48.515;1.91582;2.35433
438;48.5002;1.91043;2.35437
439;48.4852;1.90506;2.3544
440;48.4703;1.89969;2.35442
441;48.4553;1.89434;2.35444
442;48.4402;1.88898;2.35445
443;48.4251;1.88364;2.35444
444;48.4099;1.8783;2.35444
445;48.3947;1.87298;2.35442
446;48.3794;1.86766;2.3544
447;48.3641;1.86234;2.35437
448;48.3487;1.85704;2.35433
449;48.3333;1.85174;2.35428
450;48.3178;1.84645;2.35423
451;48.3023;1.84116;2.35417
452;48.2867;1.83589;2.3541
453;48.2711;1.83062;2.35403
454;48.2554;1.82536;2.35395
455;48.2397;1.82011;2.35386
456;48.2239;1.81486;2.35376
457;48.2081;1.80962;2.35365
458;48.1922;1.80439;2.35354
459;48.1763;1.79917;2.35342
460;48.1603;1.79396;2.3533
461;48.1443;1.78875;2.35317
462;48.1283;1.78355;2.35303
463;48.1121;1.77836;2.35288
464;48.096;1.77317;2.35272
465;48.0798;1.76799;2.35256
466;48.0635;1.76282;2.3524
467;48.0472;1.75766;2.35222
468;48.0309;1.75251;2.35204
469;48.0145;1.74736;2.35185
470;47.998;1.74222;2.35165
471;47.9816;1.73709;2.35145
472;47.965;1.73196;2.35124
473;47.9484;1.72685;2.35102
474;47.9318;1.72174;2.3508
475;47.9151;1.71664;2.35057
476;47.8984;1.71154;2.35033
477;47.8817;1.70646;2.35009
478;47.8648;1.70138;2.34983
479;47.848;1.69631;2.34958
480;47.8311;1.69124;2.34931
481;47.8141;1.68619;2.34904
482;47.7971;1.68114;2.34876
483;47.7801;1.6761;2.34848
484;47.763;1.67106;2.34819
485;47.7459;1.66604;2.34789
486;47.7287;1.66102;2.34759
487;47.7115;1.65601;2.34727
488;47.6942;1.651;2.34696
489;47.6769;1.64601;2.34663
490;47.6596;1.64102;2.3463
491;47.6422;1.63604;2.34597
492;47.6247;1.63107;2.34562
493;47.6073;1.6261;2.34527
494;47.5897;1.62114;2.34492
495;47.5722;1.61619;2.34455
496;47.5545;1.61125;2.34418
497;47.5369;1.60631;2.34381
498;47.5192;1.60139;2.34343
499;47.5014;1.59647;2.34304
500;47.4836;1.59155;2.34264
501;47.4658;1.58665;2.34224
502;47.4479;1.58175;2.34184
503;47.43;1.57686;2.34142
504;47.412;1.57198;2.341
505;47.394;1.5671;2.34058
506;47.376;1.56224;2.34015
507;47.3579;1.55738;2.33971
508;47.3398;1.55253;2.33926
509;47.3216;1.54768;2.33881
510;47.3034;1.54284;2.33836
511;47.2851;1.53802;2.3379
512;47.2668;1.53319;2.33743
513;47.2485;1.52838;2.33695
514;47.2301;1.52357;2.33647
515;47.2116;1.51877;2.33599
516;47.1932;1.51398;2.33549
517;47.1747;1.5092;2.33499
518;47.1561;1.50442;2.33449
519;47.1375;1.49965;2.33398
520;47.1189;1.49489;2.33346
521;47.1002;1.49014;2.33294
522;47.0815;1.48539;2.33241
523;47.0627;1.48065;2.33188
524;47.0439;1.47592;2.33134
525;47.0251;1.4712;2.3308
526;47.0062;1.46648;2.33024
527;46.9873;1.46177;2.32969
528;46.9683;1.45707;2.32913
529;46.9493;1.45238;2.32856
530;46.9302;1.4477;2.32798
531;46.9111;1.44302;2.3274
532;46.892;1.43835;2.32682
533;46.8728;1.43368;2.32623
534;46.8536;1.42903;2.32563
535;46.8344;1.42438;2.32503
536;46.8151;1.41974;2.32442
537;46.7958;1.41511;2.32381
538;46.7764;1.41048;2.32319
539;46.757;1.40587;2.32256
540;46.7375;1.40126;2.32193
541;46.718;1.39665;2.3213
542;46.6985;1.39206;2.32066
543;46.6789;1.38747;2.32001
544;46.6593;1.38289;2.31936
545;46.6396;1.37832;2.3187
546;46.6199;1.37375;2.31804
547;46.6002;1.3692;2.31737
548;46.5804;1.36465;2.3167
549;46.5606;1.36011;2.31602
550;46.5408;1.35557;2.31533
551;46.5209;1.35104;2.31465
552;46.5009;1.34653;2.31395
553;46.481;1.34201;2.31325
554;46.461;1.33751;2.31255
555;46.4409;1.33301;2.31183
556;46.4208;1.32852;2.31112
557;46.4007;1.32404;2.3104
558;46.3805;1.31957;2.30967
559;46.3603;1.3151;2.30894
560;46.3401;1.31064;2.3082
561;46.3198;1.30619;2.30746
562;46.2995;1.30175;2.30672
563;46.2791;1.29731;2.30596
564;46.2587;1.29289;2.30521
565;46.2382;1.28846;2.30444
566;46.2178;1.28405;2.30368
567;46.1972;1.27965;2.30291
568;46.1767;1.27525;2.30213
569;46.1561;1.27086;2.30135
570;46.1355;1.26647;2.30056
571;46.1148;1.2621;2.29977
572;46.0941;1.25773;2.29897
573;46.0733;1.25337;2.29817
574;46.0525;1.24902;2.29736
575;46.0317;1.24467;2.29655
576;46.0108;1.24033;2.29573
577;45.9899;1.236;2.29491
578;45.969;1.23168;2.29408
579;45.948;1.22737;2.29325
580;45.927;1.22306;2.29242
581;45.9059;1.21876;2.29158
582;45.8848;1.21447;2.29073
583;45.8637;1.21018;2.28988
584;45.8425;1.20591;2.28902
585;45.8213;1.20164;2.28816
586;45.8;1.19737;2.2873
587;45.7787;1.19312;2.28643
588;45.7574;1.18887;2.28556
589;45.736;1.18463;2.28468
590;45.7146;1.1804;2.28379
591;45.6932;1.17618;2.28291
592;45.6717;1.17196;2.28201
593;45.6502;1.16775;2.28112
594;45.6286;1.16355;2.28021
595;45.607;1.15936;2.27931
596;45.5854;1.15517;2.2784
597;45.5637;1.15099;2.27748
598;45.542;1.14682;2.27656
599;45.5202;1.14266;2.27564
600;45.4984;1.1385;2.27471
601;45.4766;1.13435;2.27377
602;45.4548;1.13021;2.27284
603;45.4329;1.12608;2.27189
604;45.4109;1.12195;2.27095
605;45.3889;1.11783;2.27
606;45.3669;1.11372;2.26904
607;45.3449;1.10962;2.26808
608;45.3228;1.10552;2.26711
609;45.3007;1.10144;2.26615
610;45.2785;1.09736;2.26517
611;45.2563;1.09328;2.26419
612;45.234;1.08922;2.26321
613;45.2118;1.08516;2.26223
614;45.1894;1.08111;2.26124
615;45.1671;1.07707;2.26024
616;45.1447;1.07303;2.25924
617;45.1223;1.069;2.25824
618;45.0998;1.06498;2.25723
619;45.0773;1.06097;2.25622
620;45.0547;1.05697;2.2552
621;45.0322;1.05297;2.25418
622;45.0095;1.04898;2.25316
623;44.9869;1.045;2.25213
624;44.9642;1.04102;2.2511
625;44.9414;1.03706;2.25006
626;44.9187;1.0331;2.24902
627;44.8959;1.02915;2.24798
628;44.873;1.0252;2.24693
629;44.8501;1.02126;2.24587
630;44.8272;1.01734;2.24482
631;44.8042;1.01341;2.24376
632;44.7813;1.0095;2.24269
633;44.7582;1.00559;2.24162
634;44.7351;1.00169;2.24055
635;44.712;0.997804;2.23947
636;44.6889;0.99392;2.23839
637;44.6657;0.990044;2.2373
638;44.6425;0.986175;2.23622
639;44.6192;0.982314;2.23512
640;44.5959;0.978461;2.23403
641;44.5726;0.974615;2.23293
642;44.5492;0.970776;2.23182
643;44.5258;0.966946;2.23071
644;44.5023;0.963123;2.2296
645;44.4788;0.959307;2.22848
646;44.4553;0.955499;2.22736
647;44.4318;0.951698;2.22624
648;44.4082;0.947905;2.22511
649;44.3845;0.94412;2.22398
650;44.3608;0.940342;2.22285
651;44.3371;0.936572;2.22171
652;44.3134;0.932809;2.22056
653;44.2896;0.929054;2.21942
654;44.2658;0.925307;2.21827
655;44.2419;0.921567;2.21711
656;44.218;0.917834;2.21596
657;44.194;0.914109;2.21479
658;44.1701;0.910392;2.21363
659;44.1461;0.906682;2.21246
660;44.122;0.90298;2.21129
661;44.0979;0.899286;2.21011
662;44.0738;0.895599;2.20893
663;44.0496;0.891919;2.20775
664;44.0254;0.888247;2.20656
665;44.0012;0.884583;2.20537
666;43.9769;0.880926;2.20418
667;43.9526;0.877277;2.20298
668;43.9282;0.873635;2.20178
669;43.9038;0.870001;2.20058
670;43.8794;0.866375;2.19937
671;43.8549;0.862756;2.19816
672;43.8304;0.859145;2.19694
673;43.8058;0.855541;2.19573
674;43.7813;0.851945;2.1945
675;43.7566;0.848356;2.19328
676;43.732;0.844775;2.19205
677;43.7073;0.841201;2.19082
678;43.6825;0.837635;2.18958
679;43.6578;0.834077;2.18834
680;43.6329;0.830526;2.1871
681;43.6081;0.826983;2.18586
682;43.5832;0.823447;2.18461
683;43.5583;0.819919;2.18335
684;43.5333;0.816399;2.1821
685;43.5083;0.812886;2.18084
686;43.4833;0.80938;2.17958
687;43.4582;0.805882;2.17831
688;43.4331;0.802392;2.17704
689;43.4079;0.798909;2.17577
690;43.3827;0.795434;2.1745
691;43.3575;0.791967;2.17322
692;43.3322;0.788506;2.17194
693;43.3069;0.785054;2.17065
694;43.2815;0.781609;2.16936
695;43.2562;0.778172;2.16807
696;43.2307;0.774742;2.16678
697;43.2053;0.77132;2.16548
698;43.1798;0.767905;2.16418
699;43.1542;0.764498;2.16287
700;43.1286;0.761099;2.16157
701;43.103;0.757707;2.16026
702;43.0774;0.754322;2.15894
703;43.0517;0.750946;2.15763
704;43.0259;0.747576;2.15631
705;43.0002;0.744215;2.15498
706;42.9743;0.740861;2.15366
707;42.9485;0.737514;2.15233
708;42.9226;0.734175;2.151
709;42.8967;0.730844;2.14966
710;42.8707;0.72752;2.14833
711;42.8447;0.724204;2.14698
712;42.8187;0.720895;2.14564
713;42.7926;0.717594;2.14429
714;42.7665;0.7143;2.14294
715;42.7403;0.711014;2.14159
716;42.7141;0.707736;2.14024
717;42.6879;0.704465;2.13888
718;42.6616;0.701202;2.13751
719;42.6353;0.697946;2.13615
720;42.6089;0.694698;2.13478
721;42.5825;0.691457;2.13341
722;42.5561;0.688224;2.13204
723;42.5296;0.684999;2.13066
724;42.5031;0.681781;2.12928
725;42.4765;0.678571;2.1279
726;42.45;0.675368;2.12652
727;42.4233;0.672173;2.12513
728;42.3967;0.668985;2.12374
729;42.3699;0.665805;2.12235
730;42.3432;0.662632;2.12095
731;42.3164;0.659468;2.11955
732;42.2896;0.65631;2.11815
733;42.2627;0.65316;2.11675
734;42.2358;0.650018;2.11534
735;42.2089;0.646884;2.11393
736;42.1819;0.643756;2.11252
737;42.1549;0.640637;2.1111
738;42.1278;0.637525;2.10969
739;42.1007;0.634421;2.10827
740;42.0735;0.631324;2.10684
741;42.0464;0.628235;2.10542
742;42.0191;0.625153;2.10399
743;41.9919;0.622079;2.10256
744;41.9646;0.619012;2.10112
745;41.9372;0.615953;2.09969
746;41.9098;0.612902;2.09825
747;41.8824;0.609858;2.09681
748;41.855;0.606822;2.09536
749;41.8275;0.603793;2.09392
750;41.7999;0.600772;2.09247
751;41.7723;0.597758;2.09102
752;41.7447;0.594752;2.08956
753;41.717;0.591754;2.0881
754;41.6893;0.588763;2.08665
755;41.6616;0.58578;2.08518
756;41.6338;0.582804;2.08372
757;41.606;0.579836;2.08225
758;41.5781;0.576875;2.08078
759;41.5502;0.573922;2.07931
760;41.5223;0.570977;2.07784
761;41.4943;0.568039;2.07636
762;41.4663;0.565109;2.07488
763;41.4382;0.562186;2.0734
764;41.4101;0.559271;2.07191
765;41.3819;0.556363;2.07043
766;41.3537;0.553463;2.06894
767;41.3255;0.55057;2.06745
768;41.2972;0.547686;2.06595
769;41.2689;0.544808;2.06446
770;41.2406;0.541938;2.06296
771;41.2122;0.539076;2.06146
772;41.1837;0.536222;2.05996
773;41.1553;0.533375;2.05845
774;41.1267;0.530535;2.05694
775;41.0982;0.527703;2.05543
776;41.0696;0.524879;2.05392
777;41.0409;0.522062;2.05241
778;41.0123;0.519253;2.05089
779;40.9835;0.516451;2.04937
780;40.9548;0.513657;2.04785
781;40.926;0.51087;2.04632
782;40.8971;0.508091;2.0448
783;40.8682;0.50532;2.04327
784;40.8393;0.502556;2.04174
785;40.8103;0.4998;2.04021
786;40.7813;0.497051;2.03867
787;40.7522;0.49431;2.03713
788;40.7231;0.491577;2.0356
789;40.694;0.488851;2.03405
790;40.6648;0.486132;2.03251
791;40.6356;0.483421;2.03096
792;40.6063;0.480718;2.02942
793;40.577;0.478023;2.02787
794;40.5477;0.475334;2.02631
795;40.5183;0.472654;2.02476
796;40.4888;0.469981;2.0232
797;40.4594;0.467315;2.02165
798;40.4298;0.464658;2.02008
799;40.4003;0.462007;2.01852
800;40.3707;0.459365;2.01696
801;40.341;0.456729;2.01539
802;40.3113;0.454102;2.01382
803;40.2816;0.451482;2.01225
804;40.2518;0.448869;2.01068
805;40.222;0.446265;2.0091
806;40.1921;0.443667;2.00753
807;40.1622;0.441077;2.00595
808;40.1323;0.438495;2.00437
809;40.1023;0.435921;2.00278
810;40.0723;0.433354;2.0012
811;40.0422;0.430794;1.99961
812;40.0121;0.428242;1.99802
813;39.9819;0.425698;1.99643
814;39.9517;0.423161;1.99484
815;39.9215;0.420632;1.99324
816;39.8912;0.418111;1.99165
817;39.8609;0.415596;1.99005
818;39.8305;0.41309;1.98845
819;39.8001;0.410591;1.98685
820;39.7696;0.4081;1.98524
821;39.7391;0.405616;1.98364
822;39.7085;0.40314;1.98203
823;39.6779;0.400671;1.98042
824;39.6473;0.39821;1.97881
825;39.6166;0.395757;1.97719
826;39.5859;0.393311;1.97558
827;39.5551;0.390872;1.97396
828;39.5243;0.388442;1.97234
829;39.4934;0.386018;1.97072
830;39.4625;0.383603;1.9691
831;39.4316;0.381195;1.96747
832;39.4006;0.378794;1.96585
833;39.3696;0.376401;1.96422
834;39.3385;0.374016;1.96259
835;39.3074;0.371638;1.96096
836;39.2762;0.369268;1.95933
837;39.245;0.366905;1.95769
838;39.2137;0.36455;1.95605
839;39.1824;0.362203;1.95442
840;39.1511;0.359863;1.95278
841;39.1197;0.357531;1.95113
842;39.0882;0.355206;1.94949
843;39.0568;0.352889;1.94784
844;39.0252;0.350579;1.9462
845;38.9937;0.348277;1.94455
846;38.962;0.345982;1.9429
847;38.9304;0.343695;1.94125
848;38.8987;0.341416;1.93959
849;38.8669;0.339144;1.93794
850;38.8351;0.33688;1.93628
851;38.8033;0.334623;1.93462
852;38.7714;0.332374;1.93296
853;38.7394;0.330133;1.9313
854;38.7075;0.327899;1.92964
855;38.6754;0.325673;1.92797
856;38.6434;0.323454;1.92631
857;38.6112;0.321243;1.92464
858;38.5791;0.319039;1.92297
859;38.5469;0.316843;1.9213
860;38.5146;0.314654;1.91963
861;38.4823;0.312473;1.91795
862;38.45;0.3103;1.91628
863;38.4176;0.308134;1.9146
864;38.3851;0.305976;1.91292
865;38.3526;0.303825;1.91124
866;38.3201;0.301682;1.90956
867;38.2875;0.299547;1.90788
868;38.2549;0.297419;1.90619
869;38.2222;0.295298;1.90451
870;38.1895;0.293186;1.90282
871;38.1567;0.29108;1.90113
872;38.1239;0.288983;1.89944
873;38.0911;0.286893;1.89775
874;38.0581;0.28481;1.89605
875;38.0252;0.282735;1.89436
876;37.9922;0.280668;1.89266
877;37.9591;0.278608;1.89096
878;37.926;0.276556;1.88927
879;37.8929;0.274511;1.88757
880;37.8597;0.272474;1.88586
881;37.8265;0.270445;1.88416
882;37.7932;0.268423;1.88246
883;37.7598;0.266408;1.88075
884;37.7264;0.264402;1.87904
885;37.693;0.262402;1.87733
886;37.6595;0.260411;1.87562
887;37.626;0.258427;1.87391
888;37.5924;0.25645;1.8722
889;37.5588;0.254481;1.87049
890;37.5251;0.25252;1.86877
891;37.4914;0.250566;1.86705
892;37.4576;0.24862;1.86534
893;37.4238;0.246681;1.86362
894;37.39;0.24475;1.8619
895;37.356;0.242827;1.86018
896;37.3221;0.240911;1.85845
897;37.2881;0.239003;1.85673
898;37.254;0.237102;1.855
899;37.2199;0.235209;1.85328
900;37.1857;0.233323;1.85155
901;37.1515;0.231445;1.84982
902;37.1173;0.229575;1.84809
903;37.083;0.227712;1.84636
904;37.0486;0.225856;1.84462
905;37.0142;0.224009;1.84289
906;36.9797;0.222168;1.84116
907;36.9452;0.220336;1.83942
908;36.9107;0.218511;1.83768
909;36.8761;0.216693;1.83594
910;36.8414;0.214883;1.8342
911;36.8067;0.213081;1.83246
912;36.772;0.211286;1.83072
913;36.7372;0.209499;1.82898
914;36.7023;0.20772;1.82723
915;36.6674;0.205948;1.82549
916;36.6324;0.204183;1.82374
917;36.5974;0.202426;1.82199
918;36.5624;0.200677;1.82024
919;36.5273;0.198935;1.81849
920;36.4921;0.197201;1.81674
921;36.4569;0.195475;1.81499
922;36.4216;0.193756;1.81324
923;36.3863;0.192044;1.81148
924;36.351;0.190341;1.80973
925;36.3156;0.188644;1.80797
926;36.2801;0.186956;1.80621
927;36.2446;0.185274;1.80446
928;36.209;0.183601;1.8027
929;36.1734;0.181935;1.80094
930;36.1377;0.180277;1.79917
931;36.102;0.178626;1.79741
932;36.0662;0.176983;1.79565
933;36.0304;0.175347;1.79388
934;35.9945;0.173719;1.79212
935;35.9586;0.172098;1.79035
936;35.9226;0.170485;1.78858
937;35.8866;0.16888;1.78682
938;35.8505;0.167282;1.78505
939;35.8144;0.165692;1.78328
940;35.7782;0.164109;1.78151
941;35.7419;0.162534;1.77973
942;35.7056;0.160967;1.77796
943;35.6693;0.159407;1.77619
944;35.6329;0.157855;1.77441
945;35.5964;0.15631;1.77263
946;35.5599;0.154773;1.77086
947;35.5233;0.153243;1.76908
948;35.4867;0.151721;1.7673
949;35.4501;0.150207;1.76552
950;35.4133;0.1487;1.76374
951;35.3766;0.147201;1.76196
952;35.3397;0.145709;1.76018
953;35.3029;0.144225;1.7584
954;35.2659;0.142748;1.75661
955;35.2289;0.141279;1.75483
956;35.1919;0.139818;1.75304
957;35.1548;0.138364;1.75125
958;35.1176;0.136918;1.74947
959;35.0804;0.135479;1.74768
960;35.0432;0.134048;1.74589
961;35.0058;0.132625;1.7441
962;34.9685;0.131209;1.74231
963;34.931;0.1298;1.74052
964;34.8936;0.1284;1.73873
965;34.856;0.127007;1.73693
966;34.8184;0.125621;1.73514
967;34.7808;0.124243;1.73335
968;34.7431;0.122872;1.73155
969;34.7053;0.12151;1.72975
970;34.6675;0.120154;1.72796
971;34.6297;0.118807;1.72616
972;34.5917;0.117466;1.72436
973;34.5538;0.116134;1.72256
974;34.5157;0.114809;1.72076
975;34.4776;0.113492;1.71896
976;34.4395;0.112182;1.71716
977;34.4013;0.110879;1.71536
978;34.363;0.109585;1.71356
979;34.3247;0.108298;1.71175
980;34.2863;0.107018;1.70995
981;34.2479;0.105746;1.70815
982;34.2094;0.104482;1.70634
983;34.1709;0.103225;1.70453
984;34.1323;0.101976;1.70273
985;34.0936;0.100735;1.70092
986;34.0549;0.0995006;1.69911
987;34.0161;0.0982742;1.6973
988;33.9773;0.0970553;1.6955
989;33.9384;0.0958441;1.69369
990;33.8995;0.0946404;1.69187
991;33.8605;0.0934443;1.69006
992;33.8214;0.0922558;1.68825
993;33.7823;0.0910749;1.68644
994;33.7431;0.0899015;1.68463
995;33.7039;0.0887358;1.68281
996;33.6646;0.0875776;1.681
997;33.6253;0.086427;1.67918
998;33.5859;0.085284;1.67737
999;33.5464;0.0841485;1.67555
1000;33.5069;0.0830207;1.67374
1001;33.4673;0.0819004;1.67192
1002;33.4276;0.0807878;1.6701
1003;33.3879;0.0796827;1.66828
1004;33.3482;0.0785852;1.66647
1005;33.3084;0.0774952;1.66465
1006;33.2685;0.0764129;1.66283
1007;33.2285;0.0753381;1.66101
1008;33.1885;0.074271;1.65919
1009;33.1485;0.0732114;1.65736
1010;33.1084;0.0721594;1.65554
1011;33.0682;0.071115;1.65372
1012;33.028;0.0700781;1.6519
1013;32.9877;0.0690489;1.65007
1014;32.9473;0.0680272;1.64825
1015;32.9069;0.0670132;1.64643
1016;32.8664;0.0660067;1.6446
1017;32.8259;0.0650078;1.64278
1018;32.7853;0.0640165;1.64095
1019;32.7446;0.0630328;1.63912
1020;32.7039;0.0620566;1.6373
1021;32.6631;0.0610881;1.63547
1022;32.6222;0.0601271;1.63364
1023;32.5813;0.0591738;1.63181
1024;32.5404;0.058228;1.62999
1025;32.4993;0.0572898;1.62816
1026;32.4582;0.0563592;1.62633
1027;32.4171;0.0554362;1.6245
1028;32.3759;0.0545207;1.62267
1029;32.3346;0.0536129;1.62084
1030;32.2933;0.0527127;1.61901
1031;32.2518;0.05182;1.61717
1032;32.2104;0.0509349;1.61534
1033;32.1689;0.0500575;1.61351
1034;32.1273;0.0491876;1.61168
1035;32.0856;0.0483253;1.60985
1036;32.0439;0.0474706;1.60801
1037;32.0021;0.0466235;1.60618
1038;31.9603;0.045784;1.60434
1039;31.9184;0.0449521;1.60251
1040;31.8764;0.0441277;1.60068
1041;31.8343;0.043311;1.59884
1042;31.7922;0.0425018;1.597
1043;31.7501;0.0417003;1.59517
1044;31.7079;0.0409063;1.59333
1045;31.6656;0.04012;1.5915
1046;31.6232;0.0393412;1.58966
1047;31.5808;0.03857;1.58782
1048;31.5383;0.0378065;1.58599
1049;31.4957;0.0370505;1.58415
1050;31.4531;0.0363021;1.58231
1051;31.4104;0.0355613;1.58047
1052;31.3677;0.0348281;1.57863
1053;31.3249;0.0341026;1.57679
1054;31.282;0.0333846;1.57496
1055;31.2391;0.0326742;1.57312
1056;31.1961;0.0319714;1.57128
1057;31.153;0.0312762;1.56944
1058;31.1098;0.0305886;1.5676
1059;31.0666;0.0299086;1.56576
1060;31.0234;0.0292362;1.56392
1061;30.98;0.0285714;1.56208
1062;30.9366;0.0279142;1.56023
1063;30.8931;0.0272646;1.55839
1064;30.8496;0.0266226;1.55655
1065;30.806;0.0259883;1.55471
1066;30.7623;0.0253615;1.55287
1067;30.7186;0.0247423;1.55103
1068;30.6747;0.0241307;1.54918
1069;30.6309;0.0235268;1.54734
1070;30.5869;0.0229304;1.5455
1071;30.5429;0.0223417;1.54365
1072;30.4988;0.0217605;1.54181
1073;30.4547;0.021187;1.53997
1074;30.4104;0.020621;1.53812
1075;30.3662;0.0200627;1.53628
1076;30.3218;0.019512;1.53444
1077;30.2774;0.0189689;1.53259
1078;30.2329;0.0184334;1.53075
1079;30.1883;0.0179056;1.5289
1080;30.1437;0.0173853;1.52706
1081;30.099;0.0168727;1.52521
1082;30.0542;0.0163676;1.52337
1083;30.0093;0.0158702;1.52152
1084;29.9644;0.0153804;1.51968
1085;29.9194;0.0148982;1.51783
1086;29.8744;0.0144237;1.51599
1087;29.8292;0.0139567;1.51414
1088;29.784;0.0134974;1.5123
1089;29.7388;0.0130457;1.51045
1090;29.6934;0.0126016;1.5086
1091;29.648;0.0121652;1.50676
1092;29.6025;0.0117363;1.50491
1093;29.557;0.0113151;1.50307
1094;29.5113;0.0109016;1.50122
1095;29.4656;0.0104956;1.49937
1096;29.4198;0.0100973;1.49753
1097;29.374;0.00970661;1.49568
1098;29.3281;0.00932355;1.49383
1099;29.2821;0.00894814;1.49199
1100;29.236;0.00858035;1.49014
1101;29.1899;0.00822021;1.48829
1102;29.1436;0.0078677;1.48645
1103;29.0973;0.00752283;1.4846
1104;29.051;0.00718561;1.48275
1105;29.0045;0.00685603;1.4809
1106;28.958;0.0065341;1.47906
1107;28.9114;0.00621982;1.47721
1108;28.8648;0.00591319;1.47536
1109;28.818;0.00561421;1.47351
1110;28.7712;0.00532289;1.47167
1111;28.7243;0.00503923;1.46982
1112;28.6773;0.00476323;1.46797
1113;28.6303;0.0044949;1.46612
1114;28.5832;0.00423423;1.46428
1115;28.536;0.00398124;1.46243
1116;28.4887;0.00373591;1.46058
1117;28.4413;0.00349827;1.45873
1118;28.3939;0.00326831;1.45689
1119;28.3464;0.00304604;1.45504
1120;28.2988;0.00283146;1.45319
1121;28.2511;0.00262457;1.45134
1122;28.2034;0.00242539;1.44949
1123;28.1555;0.00223391;1.44765
1124;28.1076;0.00205014;1.4458
1125;28.0596;0.0018741;1.44395
1126;28.0116;0.00170579;1.4421
1127;27.9634;0.00154521;1.44025
1128;27.9152;0.00139237;1.43841
1129;27.8668;0.0012473;1.43656
1130;27.8184;0.00110998;1.43471
1131;27.7699;0.000980449;1.43286
1132;27.7214;0.000858707;1.43101
1133;27.6727;0.000744775;1.42916
1134;27.6239;0.000638669;1.42731
1135;27.5751;0.000540412;1.42547
1136;27.5262;0.000450028;1.42362
1137;27.4772;0.000367549;1.42177
1138;27.428;0.00029301;1.41992
1139;27.3788;0.000226457;1.41807
1140;27.3295;0.000167948;1.41622
1141;27.2801;0.000117562;1.41437
1142;27.2306;7.5406e-05;1.41252
1143;27.181;4.16439e-05;1.41067
1144;27.1312;1.65538e-05;1.40882
1145;27.0813;7.3497e-07;1.40696
1146;27.031;0;1.4051
1147;26.9809;0;1.40325
1148;26.9311;0;1.4014
1149;26.8816;0;1.39957
1150;26.8324;0;1.39774
1151;26.7834;0;1.39591
1152;26.7348;0;1.3941
1153;26.6864;0;1.39229
1154;26.6383;0;1.39049
1155;26.5905;0;1.3887
1156;26.543;0;1.38692
1157;26.4957;0;1.38514
1158;26.4488;0;1.38337
1159;26.4021;0;1.38161
1160;26.3557;0;1.37985
1161;26.3096;0;1.37811
1162;26.2637;0;1.37637
1163;26.2182;0;1.37464
1164;26.1729;0;1.37291
1165;26.1279;0;1.37119
1166;26.0831;0;1.36948
1167;26.0387;0;1.36778
1168;25.9944;0;1.36609
1169;25.9505;0;1.3644
1170;25.9068;0;1.36272
1171;25.8634;0;1.36104
1172;25.8203;0;1.35938
1173;25.7774;0;1.35772
1174;25.7348;0;1.35607
1175;25.6925;0;1.35442
1176;25.6504;0;1.35278
1177;25.6086;0;1.35115
1178;25.567;0;1.34953
1179;25.5257;0;1.34791
1180;25.4847;0;1.3463
1181;25.4439;0;1.3447
1182;25.4034;0;1.3431
1183;25.3631;0;1.34151
1184;25.3231;0;1.33993
1185;25.2833;0;1.33836
1186;25.2438;0;1.33679
1187;25.2045;0;1.33523
1188;25.1655;0;1.33367
1189;25.1267;0;1.33212
1190;25.0882;0;1.33058
1191;25.0499;0;1.32905
1192;25.0118;0;1.32752
1193;24.9741;0;1.326
1194;24.9365;0;1.32448
1195;24.8992;0;1.32297
1196;24.8621;0;1.32147
1197;24.8253;0;1.31997
1198;24.7887;0;1.31848
1199;24.7523;0;1.317
1200;24.7162;0;1.31553
1201;24.6803;0;1.31406
1202;24.6446;0;1.31259
1203;24.6092;0;1.31114
1204;24.574;0;1.30969
1205;24.5391;0;1.30824
1206;24.5043;0;1.3068
1207;24.4698;0;1.30537
1208;24.4355;0;1.30395
1209;24.4015;0;1.30253
1210;24.3677;0;1.30112
1211;24.3341;0;1.29971
1212;24.3007;0;1.29831
1213;24.2675;0;1.29691
1214;24.2346;0;1.29553
1215;24.2019;0;1.29414
1216;24.1694;0;1.29277
1217;24.1371;0;1.2914
1218;24.105;0;1.29003
1219;24.0731;0;1.28868
1220;24.0415;0;1.28732
1221;24.0101;0;1.28598
1222;23.9789;0;1.28464
1223;23.9479;0;1.2833
1224;23.9171;0;1.28198
1225;23.8865;0;1.28065
1226;23.8561;0;1.27934
1227;23.8259;0;1.27803
1228;23.796;0;1.27672
1229;23.7662;0;1.27542
1230;23.7366;0;1.27413
1231;23.7073;0;1.27284
1232;23.6781;0;1.27156
1233;23.6492;0;1.27028
1234;23.6204;0;1.26901
1235;23.5919;0;1.26775
1236;23.5635;0;1.26649
1237;23.5353;0;1.26523
1238;23.5074;0;1.26398
1239;23.4796;0;1.26274
1240;23.452;0;1.2615
1241;23.4246;0;1.26027
1242;23.3974;0;1.25905
1243;23.3704;0;1.25783
1244;23.3436;0;1.25661
1245;23.3169;0;1.2554
1246;23.2905;0;1.2542
1247;23.2642;0;1.253
1248;23.2382;0;1.2518
1249;23.2123;0;1.25062
1250;23.1866;0;1.24943
1251;23.161;0;1.24825
1252;23.1357;0;1.24708
1253;23.1105;0;1.24591
1254;23.0855;0;1.24475
1255;23.0607;0;1.2436
1256;23.0361;0;1.24244
1257;23.0116;0;1.2413
1258;22.9873;0;1.24016
1259;22.9632;0;1.23902
1260;22.9393;0;1.23789
1261;22.9155;0;1.23676
1262;22.8919;0;1.23564
1263;22.8685;0;1.23453
1264;22.8452;0;1.23342
1265;22.8222;0;1.23231
1266;22.7992;0;1.23121
1267;22.7765;0;1.23011
1268;22.7539;0;1.22902
1269;22.7315;0;1.22794
1270;22.7092;0;1.22685
1271;22.6871;0;1.22578
1272;22.6652;0;1.22471
1273;22.6434;0;1.22364
1274;22.6218;0;1.22258
1275;22.6003;0;1.22152
1276;22.579;0;1.22047
1277;22.5578;0;1.21942
1278;22.5368;0;1.21838
1279;22.516;0;1.21734
1280;22.4953;0;1.21631
1281;22.4748;0;1.21528
1282;22.4544;0;1.21425
1283;22.4342;0;1.21324
1284;22.4141;0;1.21222
1285;22.3942;0;1.21121
1286;22.3744;0;1.2102
1287;22.3547;0;1.2092
1288;22.3353;0;1.20821
1289;22.3159;0;1.20722
1290;22.2967;0;1.20623
1291;22.2777;0;1.20525
1292;22.2587;0;1.20427
1293;22.24;0;1.20329
1294;22.2213;0;1.20232
1295;22.2028;0;1.20136
1296;22.1845;0;1.2004
1297;22.1663;0;1.19944
1298;22.1482;0;1.19849
1299;22.1303;0;1.19754
1300;22.1125;0;1.1966
1301;22.0948;0;1.19566
1302;22.0773;0;1.19473
1303;22.0599;0;1.1938
1304;22.0426;0;1.19287
1305;22.0255;0;1.19195
1306;22.0085;0;1.19103
1307;21.9916;0;1.19012
1308;21.9748;0;1.18921
1309;21.9582;0;1.1883
1310;21.9417;0;1.1874
1311;21.9254;0;1.1865
1312;21.9091;0;1.18561
1313;21.893;0;1.18472
1314;21.877;0;1.18384
1315;21.8611;0;1.18296
1316;21.8454;0;1.18208
1317;21.8298;0;1.18121
1318;21.8143;0;1.18034
1319;21.7989;0;1.17948
1320;21.7836;0;1.17862
1321;21.7685;0;1.17776
1322;21.7535;0;1.17691
1323;21.7385;0;1.17606
1324;21.7238;0;1.17521
1325;21.7091;0;1.17437
1326;21.6945;0;1.17354
1327;21.6801;0;1.1727
1328;21.6657;0;1.17187
1329;21.6515;0;1.17105
1330;21.6374;0;1.17023
1331;21.6234;0;1.16941
1332;21.6095;0;1.1686
1333;21.5957;0;1.16779
1334;21.582;0;1.16698
1335;21.5685;0;1.16618
1336;21.555;0;1.16538
1337;21.5417;0;1.16458
1338;21.5284;0;1.16379
1339;21.5153;0;1.163
1340;21.5022;0;1.16222
1341;21.4893;0;1.16144
1342;21.4765;0;1.16066
1343;21.4637;0;1.15989
1344;21.4511;0;1.15912
1345;21.4386;0;1.15835
1346;21.4262;0;1.15759
1347;21.4138;0;1.15683
1348;21.4016;0;1.15607
1349;21.3895;0;1.15532
1350;21.3774;0;1.15457
1351;21.3655;0;1.15383
1352;21.3537;0;1.15309
1353;21.3419;0;1.15235
1354;21.3303;0;1.15161
1355;21.3187;0;1.15088
1356;21.3072;0;1.15016
1357;21.2959;0;1.14943
1358;21.2846;0;1.14871
1359;21.2734;0;1.14799
1360;21.2623;0;1.14728
1361;21.2513;0;1.14657
1362;21.2404;0;1.14586
1363;21.2295;0;1.14515
1364;21.2188;0;1.14445
1365;21.2081;0;1.14376
1366;21.1976;0;1.14306
1367;21.1871;0;1.14237
1368;21.1767;0;1.14168
1369;21.1664;0;1.141
1370;21.1561;0;1.14031
1371;21.146;0;1.13964
1372;21.1359;0;1.13896
1373;21.126;0;1.13829
1374;21.1161;0;1.13762
1375;21.1062;0;1.13695
1376;21.0965;0;1.13629
1377;21.0868;0;1.13563
1378;21.0773;0;1.13497
1379;21.0678;0;1.13432
1380;21.0584;0;1.13367
1381;21.049;0;1.13302
1382;21.0398;0;1.13238
1383;21.0306;0;1.13174
1384;21.0215;0;1.1311
1385;21.0124;0;1.13046
1386;21.0035;0;1.12983
1387;20.9946;0;1.1292
1388;20.9858;0;1.12858
1389;20.977;0;1.12795
1390;20.9684;0;1.12733
1391;20.9598;0;1.12671
1392;20.9512;0;1.1261
1393;20.9428;0;1.12549
1394;20.9344;0;1.12488
1395;20.9261;0;1.12427
1396;20.9178;0;1.12367
1397;20.9097;0;1.12307
1398;20.9016;0;1.12247
1399;20.8935;0;1.12188
1400;20.8856;0;1.12129
1401;20.8777;0;1.1207
1402;20.8698;0;1.12011
1403;20.8621;0;1.11953
1404;20.8544;0;1.11895
1405;20.8467;0;1.11837
1406;20.8391;0;1.11779
1407;20.8316;0;1.11722
1408;20.8242;0;1.11665
1409;20.8168;0;1.11608
1410;20.8095;0;1.11552
1411;20.8022;0;1.11496
1412;20.795;0;1.1144
1413;20.7879;0;1.11384
1414;20.7808;0;1.11329
1415;20.7738;0;1.11274
1416;20.7668;0;1.11219
1417;20.7599;0;1.11164
1418;20.7531;0;1.1111
1419;20.7463;0;1.11056
1420;20.7396;0;1.11002
1421;20.7329;0;1.10948
1422;20.7263;0;1.10895
1423;20.7198;0;1.10842
1424;20.7133;0;1.10789
1425;20.7068;0;1.10737
1426;20.7004;0;1.10684
1427;20.6941;0;1.10632
1428;20.6878;0;1.1058
1429;20.6816;0;1.10529
1430;20.6754;0;1.10477
1431;20.6693;0;1.10426
1432;20.6633;0;1.10376
1433;20.6572;0;1.10325
1434;20.6513;0;1.10275
1435;20.6454;0;1.10224
1436;20.6395;0;1.10175
1437;20.6337;0;1.10125
1438;20.6279;0;1.10076
1439;20.6222;0;1.10026
1440;20.6166;0;1.09977
1441;20.611;0;1.09929
1442;20.6054;0;1.0988
1443;20.5999;0;1.09832
1444;20.5944;0;1.09784
1445;20.589;0;1.09736
1446;20.5837;0;1.09689
1447;20.5783;0;1.09641
1448;20.5731;0;1.09594
1449;20.5678;0;1.09547
1450;20.5626;0;1.09501
1451;20.5575;0;1.09454
1452;20.5524;0;1.09408
1453;20.5473;0;1.09362
1454;20.5423;0;1.09316
1455;20.5374;0;1.09271
1456;20.5325;0;1.09226
1457;20.5276;0;1.0918
1458;20.5227;0;1.09136
1459;20.518;0;1.09091
1460;20.5132;0;1.09046
1461;20.5085;0;1.09002
1462;20.5038;0;1.08958
1463;20.4992;0;1.08914
1464;20.4946;0;1.08871
1465;20.4901;0;1.08827
1466;20.4856;0;1.08784
1467;20.4811;0;1.08741
1468;20.4767;0;1.08698
1469;20.4723;0;1.08656
1470;20.4679;0;1.08613
1471;20.4636;0;1.08571
1472;20.4594;0;1.08529
1473;20.4551;0;1.08487
1474;20.4509;0;1.08446
1475;20.4468;0;1.08404
1476;20.4426;0;1.08363
1477;20.4386;0;1.08322
1478;20.4345;0;1.08281
1479;20.4305;0;1.08241
1480;20.4265;0;1.08201
1481;20.4226;0;1.0816
1482;20.4187;0;1.0812
1483;20.4148;0;1.08081
1484;20.411;0;1.08041
1485;20.4071;0;1.08001
1486;20.4034;0;1.07962
1487;20.3996;0;1.07923
1488;20.3959;0;1.07884
1489;20.3923;0;1.07846
1490;20.3886;0;1.07807
1491;20.385;0;1.07769
1492;20.3814;0;1.07731
1493;20.3779;0;1.07693
1494;20.3744;0;1.07655
1495;20.3709;0;1.07617
1496;20.3675;0;1.0758
1497;20.364;0;1.07543
1498;20.3607;0;1.07506
1499;20.3573;0;1.07469
1500;20.354;0;1.07432
1501;20.3507;0;1.07396
1502;20.3474;0;1.0736
1503;20.3442;0;1.07323
1504;20.341;0;1.07287
1505;20.3378;0;1.07252
1506;20.3346;0;1.07216
1507;20.3315;0;1.07181
1508;20.3284;0;1.07145
1509;20.3254;0;1.0711
1510;20.3223;0;1.07075
1511;20.3193;0;1.0704
1512;20.3163;0;1.07006
1513;20.3134;0;1.06971
1514;20.3104;0;1.06937
1515;20.3075;0;1.06903
1516;20.3047;0;1.06869
1517;20.3018;0;1.06835
1518;20.299;0;1.06802
1519;20.2962;0;1.06768
1520;20.2934;0;1.06735
1521;20.2907;0;1.06702
1522;20.2879;0;1.06669
1523;20.2852;0;1.06636
1524;20.2826;0;1.06603
1525;20.2799;0;1.06571
1526;20.2773;0;1.06539
1527;20.2747;0;1.06506
1528;20.2721;0;1.06474
1529;20.2695;0;1.06443
1530;20.267;0;1.06411
1531;20.2645;0;1.06379
1532;20.262;0;1.06348
1533;20.2595;0;1.06317
1534;20.2571;0;1.06286
1535;20.2547;0;1.06255
1536;20.2523;0;1.06224
1537;20.2499;0;1.06193
1538;20.2476;0;1.06163
1539;20.2452;0;1.06132
1540;20.2429;0;1.06102
1541;20.2406;0;1.06072
1542;20.2384;0;1.06042
1543;20.2361;0;1.06012
1544;20.2339;0;1.05983
1545;20.2317;0;1.05953
1546;20.2295;0;1.05924
1547;20.2273;0;1.05895
1548;20.2252;0;1.05866
1549;20.223;0;1.05837
1550;20.2209;0;1.05808
1551;20.2188;0;1.05779
1552;20.2168;0;1.05751
1553;20.2147;0;1.05723
1554;20.2127;0;1.05694
1555;20.2107;0;1.05666
1556;20.2087;0;1.05638
1557;20.2067;0;1.05611
1558;20.2047;0;1.05583
1559;20.2028;0;1.05555
1560;20.2009;0;1.05528
1561;20.199;0;1.05501
1562;20.1971;0;1.05474
1563;20.1952;0;1.05447
1564;20.1934;0;1.0542
1565;20.1915;0;1.05393
1566;20.1897;0;1.05366
1567;20.1879;0;1.0534
1568;20.1861;0;1.05313
1569;20.1844;0;1.05287
1570;20.1826;0;1.05261
1571;20.1809;0;1.05235
1572;20.1792;0;1.05209
1573;20.1775;0;1.05184
1574;20.1758;0;1.05158
1575;20.1741;0;1.05133
1576;20.1724;0;1.05107
1577;20.1708;0;1.05082
1578;20.1692;0;1.05057
1579;20.1676;0;1.05032
1580;20.166;0;1.05007
1581;20.1644;0;1.04982
1582;20.1628;0;1.04958
1583;20.1613;0;1.04933
1584;20.1597;0;1.04909
1585;20.1582;0;1.04885
1586;20.1567;0;1.04861
1587;20.1552;0;1.04837
1588;20.1537;0;1.04813
1589;20.1523;0;1.04789
1590;20.1508;0;1.04765
1591;20.1494;0;1.04742
1592;20.1479;0;1.04718
1593;20.1465;0;1.04695
1594;20.1451;0;1.04672
1595;20.1437;0;1.04649
1596;20.1424;0;1.04626
1597;20.141;0;1.04603
1598;20.1397;0;1.0458
1599;20.1383;0;1.04557
1600;20.137;0;1.04535
1601;20.1357;0;1.04512
1602;20.1344;0;1.0449
1603;20.1331;0;1.04468
1604;20.1318;0;1.04446
1605;20.1306;0;1.04424
1606;20.1293;0;1.04402
1607;20.1281;0;1.0438
1608;20.1268;0;1.04358
1609;20.1256;0;1.04337
1610;20.1244;0;1.04315
1611;20.1232;0;1.04294
1612;20.1221;0;1.04273
1613;20.1209;0;1.04252
1614;20.1197;0;1.04231
1615;20.1186;0;1.0421
1616;20.1174;0;1.04189
1617;20.1163;0;1.04168
1618;20.1152;0;1.04148
1619;20.1141;0;1.04127
1620;20.113;0;1.04107
1621;20.1119;0;1.04086
1622;20.1108;0;1.04066
1623;20.1098;0;1.04046
1624;20.1087;0;1.04026
1625;20.1077;0;1.04006
1626;20.1066;0;1.03986
1627;20.1056;0;1.03966
1628;20.1046;0;1.03947
1629;20.1036;0;1.03927
1630;20.1026;0;1.03908
1631;20.1016;0;1.03888
1632;20.1006;0;1.03869
1633;20.0996;0;1.0385
1634;20.0987;0;1.03831
1635;20.0977;0;1.03812
1636;20.0968;0;1.03793
1637;20.0959;0;1.03774
1638;20.0949;0;1.03756
1639;20.094;0;1.03737
1640;20.0931;0;1.03719
1641;20.0922;0;1.037
1642;20.0913;0;1.03682
1643;20.0905;0;1.03664
1644;20.0896;0;1.03645
1645;20.0887;0;1.03627
1646;20.0879;0;1.03609
1647;20.087;0;1.03591
1648;20.0862;0;1.03574
1649;20.0853;0;1.03556
1650;20.0845;0;1.03538
1651;20.0837;0;1.03521
1652;20.0829;0;1.03503
1653;20.0821;0;1.03486
1654;20.0813;0;1.03469
1655;20.0805;0;1.03451
1656;20.0797;0;1.03434
1657;20.079;0;1.03417
1658;20.0782;0;1.034
1659;20.0774;0;1.03384
1660;20.0767;0;1.03367
1661;20.0759;0;1.0335
1662;20.0752;0;1.03333
1663;20.0745;0;1.03317
1664;20.0738;0;1.033
1665;20.073;0;1.03284
1666;20.0723;0;1.03268
1667;20.0716;0;1.03252
1668;20.0709;0;1.03235
1669;20.0703;0;1.03219
1670;20.0696;0;1.03203
1671;20.0689;0;1.03188
1672;20.0682;0;1.03172
1673;20.0676;0;1.03156
1674;20.0669;0;1.0314
1675;20.0663;0;1.03125
1676;20.0656;0;1.03109
1677;20.065;0;1.03094
1678;20.0644;0;1.03079
1679;20.0637;0;1.03063
1680;20.0631;0;1.03048
1681;20.0625;0;1.03033
1682;20.0619;0;1.03018
1683;20.0613;0;1.03003
1684;20.0607;0;1.02988
1685;20.0601;0;1.02973
1686;20.0595;0;1.02958
1687;20.059;0;1.02944
1688;20.0584;0;1.02929
1689;20.0578;0;1.02915
1690;20.0572;0;1.029
1691;20.0567;0;1.02886
1692;20.0561;0;1.02871
1693;20.0556;0;1.02857
1694;20.0551;0;1.02843
1695;20.0545;0;1.02829
1696;20.054;0;1.02815
1697;20.0535;0;1.02801
1698;20.0529;0;1.02787
1699;20.0524;0;1.02773
1700;20.0519;0;1.02759
1701;20.0514;0;1.02746
1702;20.0509;0;1.02732
1703;20.0504;0;1.02718
1704;20.0499;0;1.02705
1705;20.0494;0;1.02691
1706;20.049;0;1.02678
1707;20.0485;0;1.02665
1708;20.048;0;1.02652
1709;20.0475;0;1.02638
1710;20.0471;0;1.02625
1711;20.0466;0;1.02612
1712;20.0462;0;1.02599
1713;20.0457;0;1.02586
1714;20.0453;0;1.02574
1715;20.0448;0;1.02561
1716;20.0444;0;1.02548
1717;20.044;0;1.02535
1718;20.0435;0;1.02523
1719;20.0431;0;1.0251
1720;20.0427;0;1.02498
1721;20.0423;0;1.02485
1722;20.0419;0;1.02473
1723;20.0414;0;1.02461
1724;20.041;0;1.02448
1725;20.0406;0;1.02436
1726;20.0402;0;1.02424
1727;20.0399;0;1.02412
1728;20.0395;0;1.024
1729;20.0391;0;1.02388
1730;20.0387;0;1.02376
1731;20.0383;0;1.02365
1732;20.0379;0;1.02353
1733;20.0376;0;1.02341
1734;20.0372;0;1.02329
1735;20.0368;0;1.02318
1736;20.0365;0;1.02306
1737;20.0361;0;1.02295
1738;20.0358;0;1.02283
1739;20.0354;0;1.02272
1740;20.0351;0;1.02261
1741;20.0347;0;1.0225
1742;20.0344;0;1.02238
1743;20.0341;0;1.02227
1744;20.0337;0;1.02216
1745;20.0334;0;1.02205
1746;20.0331;0;1.02194
1747;20.0327;0;1.02183
1748;20.0324;0;1.02172
1749;20.0321;0;1.02162
1750;20.0318;0;1.02151
1751;20.0315;0;1.0214
1752;20.0312;0;1.0213
1753;20.0309;0;1.02119
1754;20.0306;0;1.02108
1755;20.0303;0;1.02098
1756;20.03;0;1.02088
1757;20.0297;0;1.02077
1758;20.0294;0;1.02067
1759;20.0291;0;1.02057
1760;20.0288;0;1.02046
1761;20.0285;0;1.02036
1762;20.0282;0;1.02026
1763;20.028;0;1.02016
1764;20.0277;0;1.02006
1765;20.0274;0;1.01996
1766;20.0272;0;1.01986
1767;20.0269;0;1.01976
1768;20.0266;0;1.01966
1769;20.0264;0;1.01956
1770;20.0261;0;1.01947
1771;20.0259;0;1.01937
1772;20.0256;0;1.01927
1773;20.0253;0;1.01918
1774;20.0251;0;1.01908
1775;20.0249;0;1.01899
1776;20.0246;0;1.01889
1777;20.0244;0;1.0188
1778;20.0241;0;1.01871
1779;20.0239;0;1.01861
1780;20.0237;0;1.01852
1781;20.0234;0;1.01843
1782;20.0232;0;1.01834
1783;20.023;0;1.01825
1784;20.0227;0;1.01815
1785;20.0225;0;1.01806
1786;20.0223;0;1.01797
1787;20.0221;0;1.01788
1788;20.0219;0;1.0178
1789;20.0216;0;1.01771
1790;20.0214;0;1.01762
1791;20.0212;0;1.01753
1792;20.021;0;1.01744
1793;20.0208;0;1.01736
1794;20.0206;0;1.01727
1795;20.0204;0;1.01718
1796;20.0202;0;1.0171
1797;20.02;0;1.01701
1798;20.0198;0;1.01693
1799;20.0196;0;1.01685
1800;20.0194;0;1.01676
1801;20.0192;0;1.01668
1802;20.019;0;1.01659
1803;20.0188;0;1.01651
1804;20.0187;0;1.01643
1805;20.0185;0;1.01635
1806;20.0183;0;1.01627
1807;20.0181;0;1.01619
1808;20.0179;0;1.01611
1809;20.0178;0;1.01602
1810;20.0176;0;1.01595
1811;20.0174;0;1.01587
1812;20.0172;0;1.01579
1813;20.0171;0;1.01571
1814;20.0169;0;1.01563
1815;20.0167;0;1.01555
1816;20.0166;0;1.01547
1817;20.0164;0;1.0154
1818;20.0162;0;1.01532
1819;20.0161;0;1.01524
1820;20.0159;0;1.01517
1821;20.0158;0;1.01509
1822;20.0156;0;1.01502
1823;20.0155;0;1.01494
1824;20.0153;0;1.01487
1825;20.0152;0;1.01479
1826;20.015;0;1.01472
1827;20.0149;0;1.01465
1828;20.0147;0;1.01457
1829;20.0146;0;1.0145
1830;20.0144;0;1.01443
1831;20.0143;0;1.01436
1832;20.0141;0;1.01429
1833;20.014;0;1.01422
1834;20.0139;0;1.01414
1835;20.0137;0;1.01407
1836;20.0136;0;1.014
1837;20.0135;0;1.01393
1838;20.0133;0;1.01386
1839;20.0132;0;1.0138
1840;20.0131;0;1.01373
1841;20.0129;0;1.01366
1842;20.0128;0;1.01359
1843;20.0127;0;1.01352
1844;20.0126;0;1.01346
1845;20.0124;0;1.01339
1846;20.0123;0;1.01332
1847;20.0122;0;1.01326
1848;20.0121;0;1.01319
1849;20.012;0;1.01312
1850;20.0118;0;1.01306
1851;20.0117;0;1.01299
1852;20.0116;0;1.01293
1853;20.0115;0;1.01286
1854;20.0114;0;1.0128
1855;20.0113;0;1.01274
1856;20.0111;0;1.01267
1857;20.011;0;1.01261
1858;20.0109;0;1.01255
1859;20.0108;0;1.01248
1860;20.0107;0;1.01242
1861;20.0106;0;1.01236
1862;20.0105;0;1.0123
1863;20.0104;0;1.01224
1864;20.0103;0;1.01218
1865;20.0102;0;1.01212
1866;20.0101;0;1.01205
1867;20.01;0;1.01199
1868;20.0099;0;1.01194
1869;20.0098;0;1.01188
1870;20.0097;0;1.01182
1871;20.0096;0;1.01176
1872;20.0095;0;1.0117
1873;20.0094;0;1.01164
1874;20.0093;0;1.01158
1875;20.0092;0;1.01152
1876;20.0091;0;1.01147
1877;20.0091;0;1.01141
1878;20.009;0;1.01135
1879;20.0089;0;1.0113
1880;20.0088;0;1.01124
1881;20.0087;0;1.01118
1882;20.0086;0;1.01113
1883;20.0085;0;1.01107
1884;20.0084;0;1.01102
1885;20.0084;0;1.01096
1886;20.0083;0;1.01091
1887;20.0082;0;1.01085
1888;20.0081;0;1.0108
1889;20.008;0;1.01075
1890;20.008;0;1.01069
1891;20.0079;0;1.01064
1892;20.0078;0;1.01059
1893;20.0077;0;1.01053
1894;20.0076;0;1.01048
1895;20.0076;0;1.01043
1896;20.0075;0;1.01038
1897;20.0074;0;1.01032
1898;20.0073;0;1.01027
1899;20.0073;0;1.01022
1900;20.0072;0;1.01017
1901;20.0071;0;1.01012
1902;20.0071;0;1.01007
1903;20.007;0;1.01002
1904;20.0069;0;1.00997
1905;20.0069;0;1.00992
1906;20.0068;0;1.00987
1907;20.0067;0;1.00982
1908;20.0066;0;1.00977
1909;20.0066;0;1.00972
1910;20.0065;0;1.00968
1911;20.0065;0;1.00963
1912;20.0064;0;1.00958
1913;20.0063;0;1.00953
1914;20.0063;0;1.00948
1915;20.0062;0;1.00944
1916;20.0061;0;1.00939
1917;20.0061;0;1.00934
1918;20.006;0;1.0093
1919;20.006;0;1.00925
1920;20.0059;0;1.0092
1921;20.0058;0;1.00916
1922;20.0058;0;1.00911
1923;20.0057;0;1.00907
1924;20.0057;0;1.00902
1925;20.0056;0;1.00898
1926;20.0056;0;1.00893
1927;20.0055;0;1.00889
1928;20.0054;0;1.00884
1929;20.0054;0;1.0088
1930;20.0053;0;1.00875
1931;20.0053;0;1.00871
1932;20.0052;0;1.00867
1933;20.0052;0;1.00862
1934;20.0051;0;1.00858
1935;20.0051;0;1.00854
1936;20.005;0;1.0085
1937;20.005;0;1.00845
1938;20.0049;0;1.00841
1939;20.0049;0;1.00837
1940;20.0048;0;1.00833
1941;20.0048;0;1.00829
1942;20.0047;0;1.00824
1943;20.0047;0;1.0082
1944;20.0046;0;1.00816
1945;20.0046;0;1.00812
1946;20.0046;0;1.00808
1947;20.0045;0;1.00804
1948;20.0045;0;1.008
1949;20.0044;0;1.00796
1950;20.0044;0;1.00792
1951;20.0043;0;1.00788
1952;20.0043;0;1.00784
1953;20.0042;0;1.0078
1954;20.0042;0;1.00776
1955;20.0042;0;1.00773
1956;20.0041;0;1.00769
1957;20.0041;0;1.00765
1958;20.004;0;1.00761
1959;20.004;0;1.00757
1960;20.004;0;1.00753
1961;20.0039;0;1.0075
1962;20.0039;0;1.00746
1963;20.0038;0;1.00742
1964;20.0038;0;1.00739
1965;20.0038;0;1.00735
1966;20.0037;0;1.00731
1967;20.0037;0;1.00728
1968;20.0037;0;1.00724
1969;20.0036;0;1.0072
1970;20.0036;0;1.00717
1971;20.0035;0;1.00713
1972;20.0035;0;1.0071
1973;20.0035;0;1.00706
1974;20.0034;0;1.00703
1975;20.0034;0;1.00699
1976;20.0034;0;1.00696
1977;20.0033;0;1.00692
1978;20.0033;0;1.00689
1979;20.0033;0;1.00685
1980;20.0032;0;1.00682
1981;20.0032;0;1.00678
1982;20.0032;0;1.00675
1983;20.0031;0;1.00672
1984;20.0031;0;1.00668
1985;20.0031;0;1.00665
1986;20.0031;0;1.00662
1987;20.003;0;1.00658
1988;20.003;0;1.00655
1989;20.003;0;1.00652
1990;20.0029;0;1.00648
1991;20.0029;0;1.00645
1992;20.0029;0;1.00642
1993;20.0028;0;1.00639
1994;20.0028;0;1.00636
1995;20.0028;0;1.00632
1996;20.0028;0;1.00629
1997;20.0027;0;1.00626
1998;20.0027;0;1.00623
1999;20.0027;0;1.0062
2000;20.0027;0;1.00617
